Transaction_ID,Warehouse,City,Material,Movement_Type,Vendor,Customer,Inbound_Qty,Outbound_Qty,Opening_Stock,Transaction_Date,Closing_stock,Net_quantity
TXN11850,WH_Pune,Bangalore,Mobile,Outbound,,TechMart_Store,0,112,120,2024-11-21,8,-112
TXN53113,WH_Mumbai,Mumbai,Tablet,Outbound,,Croma,0,22,315,2024-03-15,293,-22
TXN54947,WH_Mumbai,Mumbai,Keyboard,Outbound,,Amazon,0,34,232,2024-11-28,198,-34
TXN96244,WH_Mumbai,Mumbai,Monitor,Outbound,,Flipkart,0,43,344,2024-04-05,301,-43
TXN69155,WH_Mumbai,Nagpur,Printer,Inbound,Logitech,,41,0,209,2024-10-13,250,41
TXN82146,WH_Mumbai,Pune,Keyboard,Outbound,,Croma,0,86,1,2024-05-09,-85,-86
TXN53565,WH_Mumbai,Pune,Keyboard,Inbound,Canon,,156,0,178,2024-11-07,334,156
TXN96242,WH_Mumbai,Delhi,Tablet,Outbound,,Amazon,0,67,346,2024-02-22,279,-67
TXN31272,WH_Pune,Bangalore,Mobile,Outbound,,Flipkart,0,46,479,2025-01-14,433,-46
TXN42583,WH_Pune,Mumbai,Keyboard,Inbound,Canon,,122,0,148,2024-07-27,270,122
TXN72792,WH_Mumbai,delhi,Mobile,Outbound,,Flipkart,0,22,490,2024-06-22,468,-22
TXN87124,WH_Pune,Delhi,Laptop,Inbound,Samsung,,103,0,157,2024-03-19,260,103
TXN86590,WH_Nagpur,Mumbai,Tablet,Inbound,Lenovo,,194,0,329,2024-01-06,523,194
TXN94113,WH_Mumbai,Pune,Monitor,Outbound,,Croma,0,179,48,2024-07-26,-131,-179
TXN34109,WH_Nagpur,Nagpur,Monitor,Inbound,HP,,28,0,318,2024-03-01,346,28
TXN60809,WH_Nagpur,Bangalore,Printer,Outbound,,Amazon,0,56,404,2024-12-29,348,-56
TXN42074,WH_Mumbai,Nagpur,Monitor,Inbound,Logitech,,111,0,160,2025-01-26,271,111
TXN17871,WH_Nagpur,Bangalore,Monitor,Inbound,Logitech,,89,0,50,2025-01-06,139,89
TXN18560,WH_Nagpur,pune,Keyboard,Outbound,,Reliance,0,137,500,2024-06-07,363,-137
TXN68017,WH_Pune,Bangalore,Tablet,Outbound,,Amazon,0,32,348,2024-02-08,316,-32
TXN65973,WH_Pune,Mumbai,Monitor,Outbound,,TechMart_Store,0,107,418,2024-06-02,311,-107
TXN89244,WH_Nagpur,mumbai,Monitor,Inbound,HP,,112,0,251,2024-07-16,363,112
TXN60049,WH_Nagpur,Nagpur,Mobile,Outbound,,Croma,0,165,197,2024-11-19,32,-165
TXN91260,WH_Nagpur,Pune,Printer,Inbound,HP,,51,0,40,2024-06-09,91,51
TXN13747,WH_Pune,Nagpur,Monitor,Outbound,,Flipkart,0,32,133,2024-03-26,101,-32
TXN62649,WH_Nagpur,Nagpur,Tablet,Outbound,,Flipkart,0,44,481,2024-12-14,437,-44
TXN14505,WH_Pune,Bangalore,Monitor,Outbound,,Flipkart,0,162,499,2024-12-06,337,-162
TXN29383,WH_Nagpur,Delhi,Tablet,Outbound,,Flipkart,0,9,3,2024-08-02,-6,-9
TXN50454,WH_Mumbai,Pune,Laptop,Outbound,,Croma,0,53,271,2024-08-20,218,-53
TXN20543,WH_Nagpur,Delhi,Mobile,Outbound,,Amazon,0,108,337,2024-10-09,229,-108
TXN30015,WH_Nagpur,Bangalore,Monitor,Inbound,Canon,,48,0,409,2024-01-31,457,48
TXN57210,WH_Mumbai,Mumbai,Tablet,Inbound,Dell,,100,0,347,2024-05-27,447,100
TXN40497,WH_Pune,Nagpur,Tablet,Outbound,,Croma,0,20,80,2024-03-23,60,-20
TXN56173,WH_Nagpur,delhi,Tablet,Outbound,,Flipkart,0,109,109,2024-04-11,0,-109
TXN94915,WH_Pune,Mumbai,Keyboard,Inbound,Canon,,15,0,28,2024-12-29,43,15
TXN89585,WH_Nagpur,nagpur,Keyboard,Inbound,Lenovo,,89,0,88,2024-07-18,177,89
TXN82726,WH_Nagpur,Bangalore,Laptop,Outbound,,Flipkart,0,170,115,2025-01-18,-55,-170
TXN13538,WH_Pune,Bangalore,Tablet,Outbound,,Reliance,0,97,293,2024-02-12,196,-97
TXN41463,WH_Nagpur,Bangalore,Monitor,Inbound,Logitech,,180,0,151,2025-01-13,331,180
TXN74169,WH_Mumbai,Pune,Mouse,Outbound,,Croma,0,162,423,2024-11-24,261,-162
TXN38697,WH_Pune,Bangalore,Monitor,Outbound,,Reliance,0,15,377,2024-10-02,362,-15
TXN82526,WH_Nagpur,Bangalore,Mobile,Outbound,,Croma,0,41,100,2024-07-20,59,-41
TXN68712,WH_Mumbai,Delhi,Printer,Outbound,,Reliance,0,177,199,2024-01-29,22,-177
TXN20121,WH_Nagpur,Delhi,Keyboard,Inbound,HP,,75,0,304,2025-01-19,379,75
TXN37127,WH_Pune,Mumbai,Mouse,Outbound,,Reliance,0,68,330,2024-11-20,262,-68
TXN17569,WH_Pune,Bangalore,Mobile,Outbound,,Flipkart,0,131,431,2024-04-21,300,-131
TXN73952,WH_Nagpur,Mumbai,Tablet,Outbound,,Flipkart,0,20,304,2024-03-04,284,-20
TXN77342,WH_Pune,Pune,Keyboard,Outbound,,Croma,0,115,325,2024-11-21,210,-115
TXN21374,WH_Nagpur,Delhi,Keyboard,Inbound,Logitech,,122,0,461,2024-04-29,583,122
TXN69870,WH_Pune,Nagpur,Tablet,Outbound,,Reliance,0,44,110,2024-03-25,66,-44
TXN63114,WH_Mumbai,Bangalore,Mobile,Inbound,Logitech,,48,0,329,2024-01-06,377,48
TXN66602,WH_Mumbai,Pune,Laptop,Inbound,Logitech,,62,0,49,2024-12-24,111,62
TXN16082,WH_Nagpur,Nagpur,Keyboard,Inbound,Samsung,,112,0,17,2024-06-03,129,112
TXN54677,WH_Pune,Delhi,Monitor,Outbound,,TechMart_Store,0,51,422,2024-01-20,371,-51
TXN28087,WH_Mumbai,Mumbai,Tablet,Outbound,,Amazon,0,172,249,2024-05-15,77,-172
TXN65723,WH_Nagpur,Delhi,Printer,Inbound,Dell,,89,0,191,2024-06-06,280,89
TXN67001,WH_Nagpur,pune,Keyboard,Inbound,Canon,,170,0,155,2024-08-30,325,170
TXN40213,WH_Mumbai,Pune,Mobile,Inbound,Lenovo,,118,0,6,2024-09-14,124,118
TXN28785,WH_Mumbai,Nagpur,Printer,Outbound,,Flipkart,0,68,354,2025-01-12,286,-68
TXN52944,WH_Nagpur,Mumbai,Tablet,Outbound,,Flipkart,0,171,368,2024-03-15,197,-171
TXN25889,WH_Pune,Nagpur,Keyboard,Outbound,,TechMart_Store,0,47,392,2025-01-04,345,-47
TXN59908,WH_Nagpur,Bangalore,Printer,Inbound,HP,,63,0,335,2024-07-12,398,63
TXN19763,WH_Mumbai,Mumbai,Mouse,Outbound,,Amazon,0,38,390,2024-09-22,352,-38
TXN25185,WH_Pune,Nagpur,Mouse,Outbound,,Croma,0,33,486,2024-03-31,453,-33
TXN55769,WH_Pune,Delhi,Tablet,Outbound,,Reliance,0,6,451,2024-12-25,445,-6
TXN15664,WH_Mumbai,Nagpur,Mobile,Outbound,,Flipkart,0,171,1,2024-11-18,-170,-171
TXN52270,WH_Mumbai,Pune,Mobile,Outbound,,TechMart_Store,0,59,118,2024-09-15,59,-59
TXN60335,WH_Nagpur,Nagpur,Keyboard,Inbound,Lenovo,,165,0,110,2025-01-24,275,165
TXN70830,WH_Pune,Pune,Printer,Outbound,,Amazon,0,15,316,2024-05-04,301,-15
TXN31874,WH_Pune,Delhi,Monitor,Inbound,Canon,,57,0,284,2025-01-03,341,57
TXN18213,WH_Pune,Bangalore,Printer,Inbound,Canon,,167,0,0,2024-05-01,167,167
TXN93803,WH_Pune,Delhi,Printer,Outbound,,Reliance,0,28,95,2024-10-20,67,-28
TXN25211,WH_Pune,Nagpur,Printer,Inbound,Lenovo,,87,0,200,2024-02-05,287,87
TXN46640,WH_Pune,Delhi,Tablet,Inbound,HP,,30,0,336,2024-11-24,366,30
TXN44618,WH_Nagpur,Delhi,Printer,Inbound,HP,,185,0,323,2024-10-19,508,185
TXN45440,WH_Nagpur,Pune,Mobile,Inbound,Samsung,,148,0,216,2024-09-27,364,148
TXN32317,WH_Mumbai,Nagpur,Mobile,Outbound,,Amazon,0,27,104,2024-11-05,77,-27
TXN98470,WH_Nagpur,Pune,Mouse,Inbound,Canon,,140,0,214,2025-01-29,354,140
TXN96097,WH_Nagpur,Nagpur,Monitor,Outbound,,Croma,0,163,100,2024-12-20,-63,-163
TXN17492,WH_Mumbai,Nagpur,Tablet,Outbound,,Reliance,0,130,271,2024-05-24,141,-130
TXN98324,WH_Mumbai,Pune,Tablet,Inbound,HP,,69,0,161,2024-04-05,230,69
TXN70784,WH_Nagpur,Bangalore,Keyboard,Inbound,Samsung,,18,0,192,2024-01-27,210,18
TXN97784,WH_Nagpur,Delhi,Printer,Inbound,Samsung,,52,0,175,2024-03-15,227,52
TXN62693,WH_Pune,Nagpur,Mobile,Inbound,Canon,,35,0,244,2024-02-28,279,35
TXN47072,WH_Mumbai,Delhi,Laptop,Outbound,,Croma,0,42,417,2024-02-07,375,-42
TXN83324,WH_Nagpur,Bangalore,Keyboard,Inbound,Samsung,,115,0,134,2024-04-05,249,115
TXN99700,WH_Mumbai,Nagpur,Monitor,Inbound,Lenovo,,198,0,387,2025-02-02,585,198
TXN65496,WH_Mumbai,Delhi,Monitor,Inbound,Samsung,,171,0,163,2024-02-16,334,171
TXN63014,WH_Mumbai,Pune,Tablet,Outbound,,Amazon,0,63,102,2024-09-26,39,-63
TXN74647,WH_Mumbai,Mumbai,Keyboard,Outbound,,Croma,0,130,484,2024-02-24,354,-130
TXN35912,WH_Mumbai,pune,Mobile,Outbound,,TechMart_Store,0,63,203,2024-04-26,140,-63
TXN60178,WH_Pune,Mumbai,Keyboard,Inbound,HP,,112,0,469,2024-05-24,581,112
TXN82319,WH_Pune,mumbai,Monitor,Outbound,,Flipkart,0,20,16,2024-07-10,-4,-20
TXN50193,WH_Mumbai,Bangalore,Keyboard,Outbound,,Amazon,0,85,134,2024-12-27,49,-85
TXN13300,WH_Pune,Bangalore,Mobile,Inbound,Samsung,,43,0,315,2024-11-01,358,43
TXN19249,WH_Nagpur,Nagpur,Laptop,Outbound,,Croma,0,115,401,2024-12-21,286,-115
TXN10165,WH_Mumbai,Delhi,Monitor,Outbound,,Croma,0,67,485,2024-09-29,418,-67
TXN85438,WH_Mumbai,Nagpur,Keyboard,Inbound,HP,,132,0,329,2024-12-05,461,132
TXN47056,WH_Pune,Delhi,Mobile,Outbound,,Flipkart,0,168,66,2024-11-21,-102,-168
TXN44952,WH_Nagpur,Pune,Monitor,Outbound,,Reliance,0,81,446,2024-07-03,365,-81
TXN89399,WH_Nagpur,Bangalore,Mobile,Outbound,,Flipkart,0,167,282,2024-10-04,115,-167
TXN94623,WH_Nagpur,Pune,Laptop,Inbound,Logitech,,127,0,223,2024-03-21,350,127
TXN26328,WH_Mumbai,Bangalore,Mobile,Inbound,Samsung,,145,0,163,2024-09-21,308,145
TXN68091,WH_Mumbai,Mumbai,Tablet,Inbound,Samsung,,77,0,372,2024-05-06,449,77
TXN90380,WH_Nagpur,Bangalore,Mobile,Outbound,,TechMart_Store,0,96,416,2024-12-21,320,-96
TXN72026,WH_Mumbai,Delhi,Monitor,Inbound,Lenovo,,106,0,282,2024-03-28,388,106
TXN80347,WH_Mumbai,bangalore,Monitor,Outbound,,Reliance,0,25,191,2024-04-11,166,-25
TXN32062,WH_Nagpur,Mumbai,Printer,Outbound,,Croma,0,158,58,2024-11-21,-100,-158
TXN36686,WH_Pune,Mumbai,Mouse,Inbound,Canon,,17,0,203,2024-04-15,220,17
TXN66426,WH_Nagpur,Delhi,Laptop,Outbound,,Amazon,0,9,68,2024-10-18,59,-9
TXN35824,WH_Mumbai,Bangalore,Keyboard,Inbound,Canon,,45,0,176,2025-03-02,221,45
TXN50007,WH_Mumbai,Bangalore,Tablet,Inbound,Logitech,,86,0,276,2024-03-31,362,86
TXN80245,WH_Pune,Delhi,Mouse,Inbound,Lenovo,,121,0,331,2024-04-23,452,121
TXN22562,WH_Mumbai,Nagpur,Tablet,Outbound,,Reliance,0,166,389,2024-09-29,223,-166
TXN23483,WH_Mumbai,Pune,Printer,Outbound,,Reliance,0,7,63,2024-03-19,56,-7
TXN84015,WH_Pune,Bangalore,Mobile,Outbound,,TechMart_Store,0,20,61,2024-04-12,41,-20
TXN19392,WH_Pune,Mumbai,Keyboard,Inbound,Lenovo,,46,0,330,2024-01-19,376,46
TXN29838,WH_Mumbai,Delhi,Mobile,Outbound,,Reliance,0,63,92,2024-11-01,29,-63
TXN30811,WH_Pune,Pune,Monitor,Outbound,,Croma,0,10,276,2024-11-30,266,-10
TXN36697,WH_Mumbai,Bangalore,Printer,Inbound,Lenovo,,32,0,317,2024-08-15,349,32
TXN53316,WH_Nagpur,Nagpur,Mobile,Inbound,Samsung,,26,0,387,2024-04-28,413,26
TXN69747,WH_Pune,Mumbai,Keyboard,Inbound,Logitech,,65,0,321,2024-06-02,386,65
TXN28317,WH_Mumbai,Delhi,Mobile,Outbound,,Reliance,0,12,104,2024-05-06,92,-12
TXN83089,WH_Nagpur,Pune,Printer,Inbound,Logitech,,45,0,250,2024-03-17,295,45
TXN87431,WH_Pune,Pune,Laptop,Inbound,HP,,115,0,474,2024-10-18,589,115
TXN34247,WH_Pune,Mumbai,Mouse,Outbound,,Flipkart,0,50,4,2024-03-02,-46,-50
TXN61194,WH_Mumbai,Pune,Tablet,Outbound,,TechMart_Store,0,79,141,2024-06-18,62,-79
TXN24395,WH_Nagpur,Delhi,Mouse,Inbound,Dell,,105,0,307,2024-01-15,412,105
TXN19507,WH_Pune,pune,Tablet,Outbound,,Flipkart,0,14,14,2024-09-20,0,-14
TXN30490,WH_Pune,Delhi,Laptop,Outbound,,Croma,0,121,342,2024-12-01,221,-121
TXN21225,WH_Mumbai,Bangalore,Mobile,Inbound,Lenovo,,155,0,124,2024-04-12,279,155
TXN27151,WH_Mumbai,Nagpur,Laptop,Inbound,Samsung,,117,0,408,2024-04-24,525,117
TXN68735,WH_Nagpur,Pune,Mobile,Inbound,Dell,,126,0,58,2024-08-10,184,126
TXN39555,WH_Pune,Mumbai,Laptop,Inbound,HP,,163,0,399,2024-09-11,562,163
TXN86146,WH_Nagpur,Bangalore,Keyboard,Inbound,HP,,35,0,471,2025-01-11,506,35
TXN57135,WH_Pune,Bangalore,Printer,Outbound,,TechMart_Store,0,77,491,2024-09-08,414,-77
TXN29183,WH_Nagpur,Bangalore,Printer,Outbound,,Amazon,0,73,456,2024-11-05,383,-73
TXN83320,WH_Pune,Nagpur,Mobile,Outbound,,TechMart_Store,0,142,61,2024-02-13,-81,-142
TXN61148,WH_Nagpur,Mumbai,Monitor,Inbound,HP,,172,0,420,2024-05-28,592,172
TXN79513,WH_Nagpur,Delhi,Mobile,Inbound,Dell,,170,0,403,2024-08-29,573,170
TXN13157,WH_Mumbai,Pune,Tablet,Inbound,Dell,,111,0,423,2024-04-23,534,111
TXN31636,WH_Pune,Nagpur,Mobile,Outbound,,Reliance,0,162,38,2024-06-30,-124,-162
TXN15903,WH_Nagpur,Pune,Keyboard,Inbound,Dell,,82,0,389,2024-07-27,471,82
TXN91321,WH_Mumbai,Mumbai,Mobile,Inbound,HP,,83,0,102,2024-02-07,185,83
TXN16822,WH_Pune,Mumbai,Printer,Inbound,Dell,,93,0,257,2024-10-01,350,93
TXN34290,WH_Nagpur,pune,Monitor,Outbound,,Flipkart,0,123,371,2024-10-08,248,-123
TXN99021,WH_Mumbai,Pune,Printer,Outbound,,Croma,0,134,321,2024-08-26,187,-134
TXN45498,WH_Pune,Pune,Laptop,Inbound,Canon,,39,0,284,2024-04-23,323,39
TXN52172,WH_Mumbai,Nagpur,Printer,Outbound,,Flipkart,0,26,499,2025-01-27,473,-26
TXN88238,WH_Nagpur,pune,Laptop,Inbound,Canon,,50,0,403,2024-11-22,453,50
TXN84916,WH_Pune,Bangalore,Keyboard,Outbound,,Reliance,0,178,10,2024-11-17,-168,-178
TXN57268,WH_Pune,Delhi,Laptop,Inbound,HP,,193,0,227,2025-01-02,420,193
TXN22454,WH_Nagpur,Delhi,Mouse,Inbound,HP,,111,0,181,2024-08-17,292,111
TXN88260,WH_Nagpur,Delhi,Tablet,Outbound,,Reliance,0,126,66,2025-02-02,-60,-126
TXN36258,WH_Pune,Delhi,Mobile,Inbound,HP,,90,0,343,2024-05-01,433,90
TXN37381,WH_Mumbai,Pune,Mobile,Outbound,,Croma,0,23,82,2024-10-30,59,-23
TXN44593,WH_Mumbai,Bangalore,Monitor,Outbound,,Reliance,0,68,338,2024-06-24,270,-68
TXN78097,WH_Mumbai,Bangalore,Tablet,Inbound,Dell,,84,0,295,2025-01-09,379,84
TXN30723,WH_Nagpur,Mumbai,Tablet,Inbound,HP,,123,0,283,2025-01-24,406,123
TXN80506,WH_Nagpur,Nagpur,Monitor,Outbound,,TechMart_Store,0,152,442,2024-05-17,290,-152
TXN85111,WH_Nagpur,Nagpur,Mouse,Inbound,Dell,,71,0,242,2024-12-03,313,71
TXN44770,WH_Pune,Bangalore,Mobile,Inbound,Samsung,,31,0,82,2025-01-06,113,31
TXN62263,WH_Mumbai,Delhi,Laptop,Outbound,,TechMart_Store,0,177,229,2024-09-22,52,-177
TXN31969,WH_Pune,Pune,Printer,Outbound,,Croma,0,16,462,2024-02-26,446,-16
TXN78308,WH_Mumbai,Bangalore,Printer,Outbound,,TechMart_Store,0,156,441,2024-03-13,285,-156
TXN18003,WH_Nagpur,Mumbai,Mouse,Inbound,Samsung,,48,0,165,2024-06-11,213,48
TXN82823,WH_Pune,Bangalore,Tablet,Outbound,,Croma,0,109,59,2024-09-05,-50,-109
TXN69710,WH_Nagpur,Nagpur,Keyboard,Inbound,Canon,,61,0,36,2024-05-06,97,61
TXN92966,WH_Mumbai,mumbai,Keyboard,Inbound,Lenovo,,144,0,92,2024-05-16,236,144
TXN33631,WH_Pune,Pune,Monitor,Outbound,,Croma,0,37,293,2024-05-05,256,-37
TXN17954,WH_Mumbai,Delhi,Tablet,Inbound,Lenovo,,102,0,201,2024-02-13,303,102
TXN57973,WH_Pune,Bangalore,Mouse,Inbound,HP,,92,0,326,2024-11-10,418,92
TXN36230,WH_Mumbai,Delhi,Mobile,Outbound,,Amazon,0,89,206,2024-03-17,117,-89
TXN56293,WH_Nagpur,bangalore,Printer,Outbound,,Reliance,0,167,44,2024-02-21,-123,-167
TXN48231,WH_Mumbai,Mumbai,Mouse,Outbound,,Reliance,0,85,37,2024-12-25,-48,-85
TXN61288,WH_Nagpur,Mumbai,Mobile,Inbound,Logitech,,138,0,304,2024-10-05,442,138
TXN79259,WH_Mumbai,Pune,Printer,Outbound,,Reliance,0,74,456,2024-01-20,382,-74
TXN68986,WH_Mumbai,Nagpur,Tablet,Outbound,,Croma,0,75,210,2024-12-22,135,-75
TXN52249,WH_Nagpur,Delhi,Mouse,Inbound,Dell,,28,0,198,2024-06-22,226,28
TXN73283,WH_Mumbai,Bangalore,Tablet,Outbound,,Flipkart,0,147,56,2024-08-07,-91,-147
TXN58509,WH_Mumbai,Nagpur,Mouse,Inbound,Lenovo,,39,0,195,2024-04-29,234,39
TXN44295,WH_Nagpur,Delhi,Tablet,Inbound,Logitech,,77,0,50,2025-01-07,127,77
TXN19254,WH_Pune,Mumbai,Monitor,Inbound,Canon,,16,0,295,2024-12-20,311,16
TXN88678,WH_Pune,Delhi,Mouse,Inbound,Canon,,183,0,487,2024-05-13,670,183
TXN39769,WH_Pune,Nagpur,Mobile,Outbound,,Flipkart,0,52,130,2024-02-21,78,-52
TXN58356,WH_Nagpur,Bangalore,Laptop,Inbound,Canon,,21,0,197,2024-07-09,218,21
TXN66647,WH_Pune,Delhi,Printer,Outbound,,TechMart_Store,0,26,201,2025-02-02,175,-26
TXN72863,WH_Mumbai,Nagpur,Printer,Inbound,HP,,53,0,494,2024-10-27,547,53
TXN26354,WH_Mumbai,Delhi,Printer,Inbound,Samsung,,28,0,335,2024-10-10,363,28
TXN15511,WH_Nagpur,Bangalore,Printer,Inbound,Canon,,84,0,126,2024-11-03,210,84
TXN82551,WH_Nagpur,Delhi,Mouse,Outbound,,Reliance,0,111,52,2024-09-19,-59,-111
TXN69251,WH_Mumbai,Mumbai,Tablet,Inbound,Canon,,39,0,416,2024-09-10,455,39
TXN40876,WH_Pune,Delhi,Printer,Inbound,Samsung,,103,0,212,2025-01-29,315,103
TXN21965,WH_Pune,Pune,Mobile,Inbound,Lenovo,,187,0,329,2024-09-08,516,187
TXN92268,WH_Mumbai,nagpur,Mobile,Outbound,,Flipkart,0,117,336,2024-11-10,219,-117
TXN94509,WH_Nagpur,Pune,Keyboard,Outbound,,Flipkart,0,25,204,2024-11-12,179,-25
TXN81429,WH_Pune,Mumbai,Keyboard,Outbound,,Reliance,0,8,188,2024-02-06,180,-8
TXN73946,WH_Mumbai,Mumbai,Tablet,Inbound,Canon,,126,0,354,2024-01-17,480,126
TXN50211,WH_Mumbai,Delhi,Tablet,Outbound,,TechMart_Store,0,87,172,2024-02-24,85,-87
TXN66842,WH_Mumbai,Bangalore,Monitor,Inbound,Canon,,169,0,303,2024-08-29,472,169
TXN95602,WH_Pune,Delhi,Tablet,Outbound,,Amazon,0,151,63,2025-01-21,-88,-151
TXN49587,WH_Pune,Bangalore,Printer,Inbound,Logitech,,189,0,313,2024-07-09,502,189
TXN23220,WH_Pune,mumbai,Mouse,Outbound,,TechMart_Store,0,51,180,2024-12-17,129,-51
TXN34782,WH_Nagpur,Mumbai,Printer,Inbound,Canon,,180,0,143,2024-01-14,323,180
TXN28439,WH_Nagpur,Nagpur,Keyboard,Outbound,,Flipkart,0,33,15,2024-12-04,-18,-33
TXN84331,WH_Mumbai,Pune,Mobile,Inbound,Dell,,159,0,459,2024-04-26,618,159
TXN76255,WH_Pune,Mumbai,Monitor,Inbound,Lenovo,,43,0,416,2024-08-26,459,43
TXN22451,WH_Mumbai,Delhi,Tablet,Outbound,,TechMart_Store,0,133,405,2024-11-16,272,-133
TXN64864,WH_Pune,Pune,Mobile,Outbound,,TechMart_Store,0,5,61,2024-08-28,56,-5
TXN38430,WH_Nagpur,Delhi,Monitor,Inbound,Dell,,85,0,190,2024-03-15,275,85
TXN65131,WH_Mumbai,Delhi,Keyboard,Inbound,Logitech,,173,0,148,2024-08-05,321,173
TXN43350,WH_Nagpur,Nagpur,Laptop,Outbound,,Flipkart,0,150,190,2025-01-27,40,-150
TXN33497,WH_Mumbai,Nagpur,Printer,Inbound,Canon,,31,0,408,2024-02-09,439,31
TXN27729,WH_Pune,Bangalore,Printer,Outbound,,TechMart_Store,0,102,460,2024-09-19,358,-102
TXN37730,WH_Nagpur,Pune,Laptop,Inbound,Dell,,131,0,209,2024-12-30,340,131
TXN58038,WH_Mumbai,delhi,Printer,Inbound,Canon,,191,0,325,2024-12-03,516,191
TXN33044,WH_Pune,Delhi,Keyboard,Inbound,Dell,,20,0,212,2024-02-09,232,20
TXN78898,WH_Nagpur,Bangalore,Laptop,Outbound,,Reliance,0,79,80,2024-04-24,1,-79
TXN31929,WH_Nagpur,Mumbai,Mouse,Outbound,,Croma,0,139,293,2024-08-09,154,-139
TXN45352,WH_Pune,Pune,Keyboard,Inbound,HP,,52,0,170,2024-12-22,222,52
TXN89758,WH_Nagpur,Pune,Printer,Inbound,Samsung,,14,0,344,2024-05-03,358,14
TXN45515,WH_Mumbai,pune,Monitor,Inbound,Logitech,,31,0,304,2024-09-03,335,31
TXN64230,WH_Nagpur,Delhi,Monitor,Inbound,Samsung,,126,0,280,2024-10-17,406,126
TXN14372,WH_Nagpur,Bangalore,Printer,Outbound,,Flipkart,0,122,435,2024-07-18,313,-122
TXN15371,WH_Pune,Nagpur,Mouse,Outbound,,Reliance,0,127,29,2024-05-11,-98,-127
TXN37083,WH_Pune,Bangalore,Keyboard,Outbound,,Croma,0,154,166,2024-03-29,12,-154
TXN88306,WH_Mumbai,Delhi,Printer,Outbound,,Amazon,0,55,116,2025-01-18,61,-55
TXN32793,WH_Mumbai,mumbai,Mouse,Inbound,Samsung,,181,0,417,2025-01-01,598,181
TXN13490,WH_Pune,Mumbai,Laptop,Outbound,,TechMart_Store,0,90,6,2024-12-29,-84,-90
TXN80969,WH_Pune,Delhi,Monitor,Outbound,,Amazon,0,58,283,2024-03-04,225,-58
TXN51538,WH_Nagpur,Delhi,Mouse,Inbound,Lenovo,,55,0,114,2024-07-15,169,55
TXN32352,WH_Mumbai,Pune,Printer,Outbound,,Reliance,0,78,125,2024-06-13,47,-78
TXN64041,WH_Pune,Pune,Mobile,Outbound,,Croma,0,135,441,2024-12-12,306,-135
TXN58790,WH_Pune,Pune,Printer,Outbound,,Amazon,0,156,28,2024-11-19,-128,-156
TXN38434,WH_Nagpur,mumbai,Printer,Outbound,,Amazon,0,108,31,2025-01-12,-77,-108
TXN12900,WH_Pune,Delhi,Laptop,Inbound,Samsung,,175,0,349,2024-05-31,524,175
TXN89413,WH_Pune,Mumbai,Mobile,Inbound,Lenovo,,111,0,249,2024-05-21,360,111
TXN42364,WH_Pune,Delhi,Laptop,Inbound,Samsung,,137,0,113,2024-08-23,250,137
TXN88382,WH_Mumbai,nagpur,Laptop,Inbound,Samsung,,32,0,356,2024-07-11,388,32
TXN48427,WH_Mumbai,Bangalore,Mouse,Inbound,Logitech,,122,0,412,2025-01-01,534,122
TXN43824,WH_Nagpur,Delhi,Tablet,Outbound,,Croma,0,76,217,2024-03-21,141,-76
TXN12162,WH_Nagpur,Nagpur,Printer,Outbound,,Amazon,0,32,412,2024-04-26,380,-32
TXN83186,WH_Mumbai,Delhi,Laptop,Outbound,,Reliance,0,93,104,2024-11-26,11,-93
TXN94220,WH_Mumbai,Bangalore,Monitor,Outbound,,Croma,0,91,51,2024-04-27,-40,-91
TXN12756,WH_Nagpur,Bangalore,Mouse,Outbound,,Croma,0,166,218,2024-12-18,52,-166
TXN33828,WH_Nagpur,Bangalore,Laptop,Inbound,HP,,65,0,330,2024-09-04,395,65
TXN48032,WH_Pune,Bangalore,Mobile,Inbound,HP,,185,0,414,2025-01-21,599,185
TXN45373,WH_Mumbai,Nagpur,Mobile,Outbound,,Flipkart,0,79,219,2024-09-18,140,-79
TXN47922,WH_Pune,Pune,Mobile,Outbound,,Amazon,0,12,248,2024-10-18,236,-12
TXN68849,WH_Nagpur,Nagpur,Mobile,Inbound,Dell,,49,0,301,2024-01-19,350,49
TXN10424,WH_Mumbai,delhi,Mouse,Inbound,Canon,,152,0,234,2024-12-21,386,152
TXN44849,WH_Pune,Mumbai,Monitor,Inbound,Dell,,50,0,345,2024-11-16,395,50
TXN58446,WH_Pune,Bangalore,Mobile,Outbound,,Amazon,0,122,343,2024-06-20,221,-122
TXN27334,WH_Nagpur,Mumbai,Monitor,Inbound,Lenovo,,17,0,267,2024-12-18,284,17
TXN21421,WH_Nagpur,Mumbai,Printer,Outbound,,Amazon,0,5,395,2024-09-17,390,-5
TXN30157,WH_Pune,Nagpur,Keyboard,Outbound,,Amazon,0,177,107,2024-04-21,-70,-177
TXN11206,WH_Mumbai,Nagpur,Laptop,Inbound,HP,,152,0,133,2024-10-24,285,152
TXN57024,WH_Nagpur,Delhi,Laptop,Inbound,Lenovo,,36,0,312,2024-04-21,348,36
TXN29922,WH_Pune,pune,Monitor,Inbound,Canon,,152,0,373,2024-05-22,525,152
TXN94114,WH_Nagpur,Pune,Mobile,Inbound,Canon,,86,0,226,2024-08-26,312,86
TXN95609,WH_Nagpur,Nagpur,Monitor,Outbound,,Croma,0,159,489,2025-01-25,330,-159
TXN24502,WH_Nagpur,Nagpur,Keyboard,Inbound,HP,,148,0,110,2024-09-06,258,148
TXN82545,WH_Pune,Delhi,Mobile,Outbound,,TechMart_Store,0,17,388,2024-05-24,371,-17
TXN95226,WH_Pune,Nagpur,Laptop,Outbound,,Flipkart,0,57,185,2024-04-12,128,-57
TXN64737,WH_Nagpur,Pune,Keyboard,Outbound,,Reliance,0,114,223,2024-03-29,109,-114
TXN30325,WH_Nagpur,Nagpur,Printer,Inbound,Samsung,,169,0,131,2024-07-23,300,169
TXN75584,WH_Mumbai,Nagpur,Mobile,Inbound,HP,,129,0,386,2024-12-24,515,129
TXN97478,WH_Nagpur,Mumbai,Monitor,Inbound,Logitech,,35,0,115,2024-05-24,150,35
TXN95357,WH_Nagpur,Delhi,Laptop,Inbound,HP,,108,0,433,2024-03-13,541,108
TXN47059,WH_Pune,Delhi,Printer,Inbound,HP,,26,0,150,2024-01-20,176,26
TXN17322,WH_Nagpur,Pune,Laptop,Inbound,Lenovo,,132,0,171,2024-02-16,303,132
TXN47453,WH_Mumbai,Bangalore,Monitor,Inbound,Samsung,,104,0,199,2024-01-27,303,104
TXN63658,WH_Pune,Mumbai,Monitor,Outbound,,Croma,0,169,470,2025-01-27,301,-169
TXN74526,WH_Pune,Delhi,Tablet,Outbound,,Flipkart,0,141,259,2024-07-25,118,-141
TXN82188,WH_Mumbai,Nagpur,Laptop,Outbound,,Reliance,0,153,365,2024-01-29,212,-153
TXN89147,WH_Nagpur,Nagpur,Tablet,Inbound,Logitech,,146,0,95,2024-12-20,241,146
TXN56745,WH_Nagpur,Bangalore,Tablet,Inbound,Dell,,139,0,32,2024-12-28,171,139
TXN43454,WH_Mumbai,Delhi,Tablet,Outbound,,TechMart_Store,0,120,205,2024-02-20,85,-120
TXN17357,WH_Nagpur,Delhi,Tablet,Outbound,,TechMart_Store,0,19,147,2024-06-07,128,-19
TXN34628,WH_Pune,bangalore,Mouse,Outbound,,Reliance,0,72,305,2024-07-02,233,-72
TXN13257,WH_Pune,Delhi,Keyboard,Inbound,Canon,,173,0,270,2024-04-22,443,173
TXN81350,WH_Pune,Bangalore,Monitor,Inbound,Dell,,186,0,323,2024-12-21,509,186
TXN16408,WH_Pune,Pune,Keyboard,Outbound,,TechMart_Store,0,138,330,2024-08-29,192,-138
TXN17493,WH_Nagpur,Mumbai,Laptop,Inbound,Canon,,157,0,277,2025-01-29,434,157
TXN59109,WH_Nagpur,Bangalore,Printer,Outbound,,Amazon,0,60,408,2024-04-17,348,-60
TXN59810,WH_Nagpur,mumbai,Monitor,Outbound,,Flipkart,0,34,95,2024-10-11,61,-34
TXN36954,WH_Nagpur,Delhi,Tablet,Inbound,Canon,,23,0,126,2024-06-11,149,23
TXN45206,WH_Nagpur,Pune,Printer,Outbound,,Flipkart,0,61,45,2024-12-01,-16,-61
TXN47673,WH_Nagpur,Pune,Laptop,Inbound,Dell,,171,0,450,2024-11-25,621,171
TXN96950,WH_Mumbai,Nagpur,Laptop,Outbound,,Flipkart,0,10,201,2024-02-11,191,-10
TXN83516,WH_Nagpur,Nagpur,Tablet,Outbound,,TechMart_Store,0,149,54,2024-04-03,-95,-149
TXN49717,WH_Nagpur,Delhi,Mobile,Inbound,Lenovo,,33,0,330,2024-06-09,363,33
TXN82811,WH_Nagpur,Nagpur,Monitor,Outbound,,Reliance,0,163,213,2024-10-27,50,-163
TXN62663,WH_Mumbai,Pune,Laptop,Outbound,,Croma,0,57,232,2024-07-28,175,-57
TXN57930,WH_Pune,Nagpur,Keyboard,Inbound,Lenovo,,118,0,99,2025-01-25,217,118
TXN73295,WH_Mumbai,Pune,Monitor,Inbound,Lenovo,,157,0,107,2024-10-20,264,157
TXN66180,WH_Mumbai,Bangalore,Mobile,Inbound,Dell,,62,0,225,2025-01-08,287,62
TXN94143,WH_Nagpur,Bangalore,Printer,Inbound,HP,,175,0,327,2024-07-13,502,175
TXN56069,WH_Pune,Delhi,Printer,Inbound,Dell,,77,0,47,2024-05-07,124,77
TXN45977,WH_Pune,Nagpur,Monitor,Outbound,,TechMart_Store,0,84,145,2024-05-05,61,-84
TXN47648,WH_Pune,Delhi,Mobile,Inbound,Samsung,,137,0,197,2024-07-14,334,137
TXN89191,WH_Pune,Mumbai,Monitor,Inbound,Samsung,,79,0,156,2024-09-11,235,79
TXN17216,WH_Pune,Delhi,Mobile,Inbound,HP,,73,0,379,2024-08-22,452,73
TXN54934,WH_Mumbai,Bangalore,Tablet,Inbound,Logitech,,196,0,34,2024-05-31,230,196
TXN13287,WH_Nagpur,Mumbai,Monitor,Inbound,Dell,,156,0,24,2024-01-26,180,156
TXN91165,WH_Mumbai,Delhi,Tablet,Inbound,Samsung,,27,0,301,2025-01-30,328,27
TXN99998,WH_Mumbai,Pune,Laptop,Outbound,,Flipkart,0,179,492,2024-03-08,313,-179
TXN23454,WH_Pune,Pune,Monitor,Outbound,,TechMart_Store,0,88,191,2024-03-20,103,-88
TXN73725,WH_Mumbai,Mumbai,Printer,Inbound,Logitech,,114,0,70,2024-08-01,184,114
TXN14653,WH_Nagpur,Bangalore,Mouse,Outbound,,Croma,0,73,126,2025-01-22,53,-73
TXN32927,WH_Nagpur,Delhi,Keyboard,Outbound,,Amazon,0,56,248,2024-09-18,192,-56
TXN66104,WH_Pune,Mumbai,Laptop,Outbound,,TechMart_Store,0,109,271,2024-06-11,162,-109
TXN76123,WH_Nagpur,Bangalore,Monitor,Outbound,,TechMart_Store,0,106,185,2025-01-27,79,-106
TXN49577,WH_Pune,Mumbai,Printer,Outbound,,Croma,0,141,374,2024-05-20,233,-141
TXN11672,WH_Nagpur,Delhi,Keyboard,Inbound,HP,,59,0,122,2024-03-12,181,59
TXN97218,WH_Nagpur,Pune,Laptop,Inbound,Canon,,94,0,55,2024-01-03,149,94
TXN66876,WH_Nagpur,Mumbai,Keyboard,Outbound,,Reliance,0,133,337,2024-08-09,204,-133
TXN68318,WH_Nagpur,Pune,Monitor,Inbound,Lenovo,,103,0,26,2024-12-04,129,103
TXN79942,WH_Mumbai,Nagpur,Mobile,Inbound,HP,,139,0,486,2024-04-12,625,139
TXN10386,WH_Mumbai,Delhi,Laptop,Inbound,HP,,101,0,379,2024-11-10,480,101
TXN19035,WH_Nagpur,Delhi,Monitor,Inbound,Dell,,64,0,486,2024-11-30,550,64
TXN17828,WH_Mumbai,Nagpur,Keyboard,Outbound,,TechMart_Store,0,99,445,2024-01-24,346,-99
TXN79964,WH_Pune,Delhi,Laptop,Outbound,,TechMart_Store,0,82,381,2024-02-04,299,-82
TXN76906,WH_Pune,Nagpur,Monitor,Outbound,,Reliance,0,75,117,2024-07-06,42,-75
TXN16943,WH_Pune,Delhi,Monitor,Inbound,Lenovo,,34,0,318,2024-05-22,352,34
TXN17132,WH_Pune,Delhi,Tablet,Inbound,Samsung,,83,0,460,2024-09-28,543,83
TXN72609,WH_Pune,Mumbai,Mobile,Outbound,,TechMart_Store,0,30,247,2024-05-15,217,-30
TXN64565,WH_Nagpur,Delhi,Mobile,Outbound,,Reliance,0,133,141,2024-04-08,8,-133
TXN88511,WH_Mumbai,Delhi,Mobile,Outbound,,Amazon,0,40,324,2024-07-24,284,-40
TXN59195,WH_Nagpur,Bangalore,Tablet,Outbound,,Amazon,0,83,120,2024-05-03,37,-83
TXN22539,WH_Nagpur,Pune,Tablet,Outbound,,Reliance,0,122,379,2024-02-21,257,-122
TXN59098,WH_Nagpur,Nagpur,Keyboard,Inbound,HP,,50,0,236,2024-01-12,286,50
TXN93813,WH_Mumbai,Mumbai,Tablet,Inbound,Logitech,,44,0,414,2024-12-13,458,44
TXN41658,WH_Nagpur,Mumbai,Mobile,Outbound,,Flipkart,0,81,355,2024-09-12,274,-81
TXN62179,WH_Mumbai,delhi,Mobile,Outbound,,Flipkart,0,96,122,2024-03-15,26,-96
TXN61947,WH_Mumbai,Bangalore,Mouse,Outbound,,Flipkart,0,11,76,2024-07-12,65,-11
TXN18523,WH_Nagpur,Pune,Tablet,Inbound,Dell,,170,0,471,2024-11-02,641,170
TXN92306,WH_Pune,Mumbai,Keyboard,Outbound,,Amazon,0,83,401,2024-01-27,318,-83
TXN93262,WH_Pune,Mumbai,Laptop,Inbound,Logitech,,179,0,209,2024-08-23,388,179
TXN77393,WH_Pune,Delhi,Keyboard,Outbound,,Flipkart,0,138,302,2024-11-30,164,-138
TXN14350,WH_Nagpur,Nagpur,Monitor,Outbound,,Croma,0,106,160,2024-10-24,54,-106
TXN53446,WH_Nagpur,Mumbai,Tablet,Outbound,,Croma,0,67,303,2024-04-15,236,-67
TXN97719,WH_Nagpur,Pune,Laptop,Inbound,Canon,,47,0,421,2024-12-22,468,47
TXN97170,WH_Mumbai,Mumbai,Printer,Outbound,,TechMart_Store,0,26,379,2024-09-27,353,-26
TXN88762,WH_Nagpur,Delhi,Mouse,Outbound,,Amazon,0,70,259,2024-01-31,189,-70
TXN65449,WH_Pune,Mumbai,Printer,Outbound,,Croma,0,12,485,2024-10-06,473,-12
TXN34783,WH_Nagpur,Nagpur,Printer,Inbound,Canon,,115,0,201,2024-04-17,316,115
TXN27140,WH_Nagpur,Nagpur,Mouse,Outbound,,Croma,0,14,338,2024-12-11,324,-14
TXN70331,WH_Nagpur,Bangalore,Mobile,Inbound,HP,,24,0,345,2025-01-24,369,24
TXN58653,WH_Nagpur,Mumbai,Mobile,Outbound,,Reliance,0,55,27,2025-01-14,-28,-55
TXN55424,WH_Pune,Nagpur,Printer,Outbound,,Croma,0,155,4,2024-08-23,-151,-155
TXN29556,WH_Nagpur,Bangalore,Laptop,Outbound,,TechMart_Store,0,72,192,2024-09-02,120,-72
TXN89548,WH_Pune,Mumbai,Mouse,Outbound,,Flipkart,0,95,201,2024-01-10,106,-95
TXN95782,WH_Pune,Bangalore,Monitor,Inbound,Lenovo,,70,0,177,2024-02-13,247,70
TXN12496,WH_Pune,mumbai,Laptop,Inbound,Samsung,,115,0,466,2024-09-14,581,115
TXN16513,WH_Pune,pune,Mobile,Outbound,,Reliance,0,35,226,2024-12-18,191,-35
TXN18426,WH_Nagpur,mumbai,Keyboard,Outbound,,Amazon,0,116,157,2024-03-17,41,-116
TXN67224,WH_Nagpur,Pune,Laptop,Inbound,Dell,,50,0,392,2024-09-29,442,50
TXN58350,WH_Pune,Delhi,Mobile,Outbound,,Flipkart,0,11,367,2024-11-17,356,-11
TXN61893,WH_Nagpur,Pune,Mobile,Inbound,Lenovo,,37,0,414,2024-01-09,451,37
TXN56101,WH_Pune,Pune,Keyboard,Inbound,Canon,,35,0,461,2025-01-29,496,35
TXN12446,WH_Mumbai,Nagpur,Tablet,Inbound,HP,,132,0,212,2024-01-22,344,132
TXN28835,WH_Pune,Delhi,Printer,Inbound,HP,,134,0,425,2024-02-19,559,134
TXN64099,WH_Mumbai,Pune,Mouse,Outbound,,Flipkart,0,108,213,2024-12-29,105,-108
TXN14463,WH_Pune,Nagpur,Printer,Inbound,Samsung,,45,0,317,2024-02-20,362,45
TXN38509,WH_Mumbai,Bangalore,Tablet,Inbound,Logitech,,65,0,146,2024-03-11,211,65
TXN52689,WH_Pune,Mumbai,Mobile,Outbound,,Flipkart,0,81,18,2024-09-06,-63,-81
TXN78407,WH_Nagpur,Delhi,Mobile,Outbound,,Amazon,0,84,248,2024-10-30,164,-84
TXN73968,WH_Mumbai,Delhi,Tablet,Outbound,,Reliance,0,5,404,2024-11-05,399,-5
TXN12894,WH_Mumbai,Mumbai,Monitor,Outbound,,Croma,0,10,114,2024-04-30,104,-10
TXN68768,WH_Nagpur,Delhi,Mobile,Outbound,,Amazon,0,177,390,2024-11-20,213,-177
TXN18379,WH_Pune,Nagpur,Tablet,Outbound,,TechMart_Store,0,139,357,2025-01-25,218,-139
TXN53251,WH_Nagpur,Nagpur,Monitor,Inbound,HP,,179,0,181,2025-01-13,360,179
TXN58077,WH_Pune,Nagpur,Keyboard,Inbound,Canon,,16,0,117,2025-01-14,133,16
TXN18287,WH_Nagpur,pune,Tablet,Outbound,,Amazon,0,59,30,2024-02-28,-29,-59
TXN48790,WH_Nagpur,mumbai,Laptop,Inbound,Canon,,119,0,169,2025-01-10,288,119
TXN90019,WH_Nagpur,Bangalore,Keyboard,Inbound,Logitech,,174,0,76,2024-10-11,250,174
TXN26404,WH_Mumbai,Nagpur,Tablet,Outbound,,Amazon,0,137,214,2024-05-18,77,-137
TXN17463,WH_Nagpur,Delhi,Mobile,Inbound,Samsung,,47,0,180,2024-10-24,227,47
TXN29710,WH_Nagpur,Nagpur,Mouse,Outbound,,TechMart_Store,0,137,464,2024-02-07,327,-137
TXN63979,WH_Pune,Mumbai,Laptop,Inbound,Dell,,52,0,18,2024-08-14,70,52
TXN93748,WH_Nagpur,Delhi,Monitor,Outbound,,Reliance,0,21,89,2024-02-25,68,-21
TXN30205,WH_Pune,Mumbai,Mobile,Inbound,Dell,,160,0,412,2024-09-17,572,160
TXN94354,WH_Pune,Mumbai,Printer,Outbound,,Amazon,0,71,408,2024-08-26,337,-71
TXN61283,WH_Nagpur,Nagpur,Laptop,Inbound,Samsung,,194,0,37,2024-09-03,231,194
TXN62018,WH_Nagpur,Nagpur,Mouse,Outbound,,Reliance,0,74,37,2024-11-08,-37,-74
TXN80532,WH_Mumbai,Pune,Monitor,Inbound,Canon,,21,0,336,2024-06-27,357,21
TXN32192,WH_Mumbai,Nagpur,Monitor,Inbound,Logitech,,40,0,53,2024-11-09,93,40
TXN95541,WH_Pune,mumbai,Keyboard,Inbound,Dell,,130,0,420,2025-01-12,550,130
TXN18369,WH_Nagpur,Mumbai,Printer,Inbound,Canon,,35,0,156,2024-05-23,191,35
TXN66813,WH_Pune,Bangalore,Printer,Inbound,Samsung,,154,0,35,2024-02-20,189,154
TXN82098,WH_Pune,Delhi,Mouse,Inbound,HP,,120,0,268,2024-06-11,388,120
TXN58677,WH_Mumbai,Mumbai,Tablet,Inbound,Samsung,,54,0,429,2024-05-26,483,54
TXN89942,WH_Mumbai,Nagpur,Mouse,Inbound,HP,,80,0,70,2024-05-06,150,80
TXN72664,WH_Pune,Nagpur,Mobile,Outbound,,TechMart_Store,0,148,408,2024-12-07,260,-148
TXN86811,WH_Nagpur,Mumbai,Printer,Inbound,Lenovo,,12,0,454,2024-05-02,466,12
TXN89628,WH_Mumbai,Delhi,Printer,Outbound,,Croma,0,165,421,2024-09-20,256,-165
TXN24578,WH_Mumbai,Bangalore,Monitor,Inbound,Dell,,83,0,105,2024-11-14,188,83
TXN55097,WH_Nagpur,Delhi,Tablet,Inbound,Logitech,,54,0,200,2024-06-16,254,54
TXN38283,WH_Pune,Nagpur,Mouse,Outbound,,Amazon,0,30,149,2024-03-10,119,-30
TXN66771,WH_Nagpur,bangalore,Laptop,Inbound,Canon,,65,0,319,2024-03-03,384,65
TXN16060,WH_Pune,Delhi,Mobile,Outbound,,Croma,0,178,3,2024-12-24,-175,-178
TXN45582,WH_Pune,Pune,Mobile,Inbound,Lenovo,,191,0,10,2024-08-15,201,191
TXN95485,WH_Pune,Pune,Printer,Outbound,,Amazon,0,119,163,2024-04-25,44,-119
TXN47007,WH_Pune,Bangalore,Tablet,Inbound,Samsung,,160,0,171,2024-06-05,331,160
TXN75604,WH_Mumbai,nagpur,Keyboard,Inbound,Dell,,23,0,489,2025-01-31,512,23
TXN86443,WH_Pune,nagpur,Mouse,Inbound,Lenovo,,200,0,143,2024-07-16,343,200
TXN84830,WH_Nagpur,Pune,Laptop,Inbound,Dell,,197,0,313,2024-11-28,510,197
TXN15327,WH_Nagpur,Mumbai,Laptop,Inbound,Samsung,,80,0,180,2024-07-20,260,80
TXN91692,WH_Nagpur,Delhi,Mouse,Outbound,,TechMart_Store,0,130,436,2024-02-06,306,-130
TXN54332,WH_Pune,Bangalore,Monitor,Outbound,,Amazon,0,47,204,2024-08-27,157,-47
TXN55922,WH_Nagpur,Nagpur,Mouse,Inbound,Samsung,,138,0,174,2024-07-06,312,138
TXN82788,WH_Nagpur,Mumbai,Tablet,Inbound,Dell,,190,0,182,2025-01-24,372,190
TXN44843,WH_Pune,Delhi,Laptop,Outbound,,TechMart_Store,0,179,396,2024-01-15,217,-179
TXN10056,WH_Mumbai,delhi,Mouse,Inbound,Lenovo,,186,0,228,2024-01-02,414,186
TXN39634,WH_Pune,Nagpur,Tablet,Outbound,,TechMart_Store,0,91,14,2024-11-29,-77,-91
TXN23604,WH_Mumbai,Mumbai,Laptop,Inbound,Logitech,,87,0,141,2024-05-25,228,87
TXN29256,WH_Nagpur,Pune,Keyboard,Inbound,Samsung,,183,0,341,2025-01-27,524,183
TXN86772,WH_Nagpur,Pune,Laptop,Inbound,HP,,189,0,396,2024-03-17,585,189
TXN61350,WH_Nagpur,Nagpur,Mouse,Inbound,Canon,,39,0,64,2024-05-10,103,39
TXN75437,WH_Mumbai,Delhi,Mobile,Inbound,Logitech,,63,0,328,2024-01-05,391,63
TXN35103,WH_Mumbai,Mumbai,Mobile,Outbound,,Amazon,0,147,319,2024-04-28,172,-147
TXN66035,WH_Pune,Mumbai,Mouse,Outbound,,Amazon,0,60,283,2024-05-15,223,-60
TXN83385,WH_Mumbai,Delhi,Monitor,Outbound,,Amazon,0,126,292,2024-04-15,166,-126
TXN82787,WH_Mumbai,Pune,Printer,Inbound,Samsung,,153,0,180,2024-08-09,333,153
TXN22223,WH_Nagpur,Nagpur,Mouse,Outbound,,Amazon,0,29,71,2024-09-26,42,-29
TXN30497,WH_Pune,Nagpur,Printer,Inbound,Dell,,178,0,416,2024-12-21,594,178
TXN67479,WH_Nagpur,Bangalore,Monitor,Outbound,,Croma,0,20,238,2024-07-11,218,-20
TXN37421,WH_Mumbai,delhi,Keyboard,Inbound,Lenovo,,21,0,181,2024-09-30,202,21
TXN68248,WH_Nagpur,Pune,Printer,Inbound,Lenovo,,48,0,465,2024-03-13,513,48
TXN23807,WH_Nagpur,Nagpur,Mobile,Outbound,,Flipkart,0,8,404,2024-07-18,396,-8
TXN20619,WH_Pune,Delhi,Monitor,Inbound,Lenovo,,27,0,168,2024-11-10,195,27
TXN68086,WH_Pune,Pune,Printer,Inbound,HP,,185,0,436,2024-09-13,621,185
TXN50556,WH_Mumbai,pune,Keyboard,Outbound,,TechMart_Store,0,129,496,2024-06-07,367,-129
TXN19830,WH_Nagpur,Pune,Mouse,Inbound,HP,,191,0,423,2024-05-29,614,191
TXN70082,WH_Pune,Pune,Monitor,Outbound,,Amazon,0,120,207,2024-01-09,87,-120
TXN85839,WH_Mumbai,Bangalore,Keyboard,Inbound,Lenovo,,37,0,35,2024-03-18,72,37
TXN27378,WH_Nagpur,Nagpur,Keyboard,Inbound,Logitech,,115,0,269,2024-02-17,384,115
TXN26199,WH_Nagpur,Pune,Keyboard,Outbound,,TechMart_Store,0,133,414,2024-08-08,281,-133
TXN62512,WH_Pune,Pune,Tablet,Outbound,,Reliance,0,159,193,2024-02-01,34,-159
TXN71245,WH_Mumbai,Nagpur,Mouse,Outbound,,Flipkart,0,69,423,2024-07-26,354,-69
TXN30693,WH_Pune,Pune,Laptop,Outbound,,Flipkart,0,22,229,2024-06-22,207,-22
TXN89111,WH_Nagpur,Pune,Monitor,Inbound,Logitech,,156,0,456,2025-01-01,612,156
TXN17714,WH_Mumbai,Pune,Tablet,Outbound,,TechMart_Store,0,21,205,2025-01-22,184,-21
TXN52845,WH_Nagpur,Bangalore,Mobile,Inbound,HP,,93,0,106,2024-11-23,199,93
TXN54629,WH_Pune,Nagpur,Mouse,Outbound,,Croma,0,13,106,2024-10-15,93,-13
TXN35630,WH_Nagpur,mumbai,Laptop,Inbound,Canon,,141,0,25,2024-12-23,166,141
TXN17637,WH_Nagpur,Delhi,Mouse,Outbound,,Flipkart,0,158,184,2024-10-15,26,-158
TXN12237,WH_Nagpur,Nagpur,Mouse,Inbound,Samsung,,28,0,94,2024-08-09,122,28
TXN66902,WH_Nagpur,Delhi,Laptop,Inbound,HP,,138,0,23,2024-11-26,161,138
TXN57539,WH_Nagpur,Delhi,Mouse,Inbound,Samsung,,16,0,37,2024-02-08,53,16
TXN92284,WH_Nagpur,Bangalore,Monitor,Inbound,Samsung,,200,0,152,2024-05-13,352,200
TXN41701,WH_Nagpur,Bangalore,Mouse,Inbound,Dell,,130,0,445,2024-05-13,575,130
TXN41145,WH_Pune,Nagpur,Mobile,Inbound,Dell,,135,0,472,2024-10-31,607,135
TXN69019,WH_Pune,Mumbai,Laptop,Outbound,,Reliance,0,38,48,2024-11-07,10,-38
TXN22903,WH_Pune,Pune,Monitor,Outbound,,TechMart_Store,0,170,134,2024-11-14,-36,-170
TXN74113,WH_Pune,Bangalore,Mouse,Outbound,,Reliance,0,112,225,2024-02-01,113,-112
TXN58847,WH_Mumbai,Delhi,Laptop,Outbound,,Croma,0,44,452,2024-09-14,408,-44
TXN17055,WH_Nagpur,Bangalore,Monitor,Outbound,,Croma,0,122,500,2024-06-05,378,-122
TXN82953,WH_Pune,Mumbai,Keyboard,Inbound,Dell,,118,0,79,2024-11-30,197,118
TXN52325,WH_Nagpur,delhi,Keyboard,Inbound,Lenovo,,47,0,52,2024-04-19,99,47
TXN12190,WH_Pune,Pune,Monitor,Outbound,,Reliance,0,84,450,2024-01-30,366,-84
TXN46496,WH_Mumbai,Nagpur,Monitor,Outbound,,Flipkart,0,12,454,2024-06-28,442,-12
TXN88838,WH_Mumbai,Bangalore,Printer,Outbound,,Amazon,0,43,162,2024-11-14,119,-43
TXN88258,WH_Pune,Nagpur,Laptop,Inbound,Lenovo,,150,0,230,2024-04-09,380,150
TXN73782,WH_Nagpur,Mumbai,Tablet,Inbound,Lenovo,,50,0,341,2024-03-22,391,50
TXN93766,WH_Pune,Delhi,Mouse,Outbound,,TechMart_Store,0,23,405,2024-07-17,382,-23
TXN63653,WH_Nagpur,Pune,Printer,Inbound,Samsung,,141,0,495,2024-03-13,636,141
TXN38852,WH_Nagpur,Mumbai,Monitor,Inbound,Dell,,56,0,407,2024-01-27,463,56
TXN23354,WH_Pune,Bangalore,Mouse,Outbound,,Croma,0,46,180,2024-10-29,134,-46
TXN67405,WH_Pune,Nagpur,Keyboard,Outbound,,Amazon,0,112,178,2024-07-13,66,-112
TXN90050,WH_Mumbai,Delhi,Printer,Inbound,Lenovo,,34,0,144,2025-01-06,178,34
TXN18779,WH_Nagpur,Bangalore,Printer,Outbound,,Flipkart,0,48,401,2024-09-30,353,-48
TXN17876,WH_Nagpur,Pune,Mobile,Outbound,,Reliance,0,37,114,2024-01-07,77,-37
TXN96407,WH_Nagpur,Nagpur,Mobile,Outbound,,TechMart_Store,0,14,155,2024-05-02,141,-14
TXN21674,WH_Pune,Delhi,Laptop,Inbound,HP,,95,0,185,2024-08-13,280,95
TXN13162,WH_Nagpur,Nagpur,Mouse,Outbound,,Reliance,0,54,274,2024-05-05,220,-54
TXN99410,WH_Mumbai,Pune,Mobile,Outbound,,Croma,0,117,346,2024-09-18,229,-117
TXN38435,WH_Pune,Mumbai,Monitor,Inbound,Logitech,,128,0,258,2024-08-16,386,128
TXN85183,WH_Pune,Delhi,Monitor,Outbound,,TechMart_Store,0,33,241,2024-06-25,208,-33
TXN37642,WH_Pune,Nagpur,Mobile,Inbound,Logitech,,170,0,436,2024-11-08,606,170
TXN44175,WH_Mumbai,Bangalore,Tablet,Outbound,,Croma,0,64,143,2024-10-07,79,-64
TXN89887,WH_Pune,Mumbai,Monitor,Outbound,,Flipkart,0,165,249,2024-01-06,84,-165
TXN48724,WH_Pune,Mumbai,Laptop,Outbound,,Flipkart,0,141,173,2024-06-07,32,-141
TXN32108,WH_Mumbai,Nagpur,Monitor,Outbound,,Reliance,0,89,141,2024-12-04,52,-89
TXN73126,WH_Mumbai,Mumbai,Printer,Outbound,,Amazon,0,90,372,2024-10-07,282,-90
TXN12235,WH_Mumbai,Bangalore,Monitor,Inbound,HP,,61,0,498,2025-01-28,559,61
TXN49523,WH_Mumbai,Pune,Printer,Inbound,HP,,102,0,468,2024-06-28,570,102
TXN46378,WH_Pune,Delhi,Keyboard,Inbound,Lenovo,,86,0,81,2024-08-30,167,86
TXN79470,WH_Nagpur,Mumbai,Laptop,Inbound,HP,,169,0,35,2024-04-16,204,169
TXN26670,WH_Mumbai,Delhi,Tablet,Inbound,Logitech,,72,0,488,2024-06-14,560,72
TXN91905,WH_Pune,Bangalore,Mobile,Inbound,Lenovo,,93,0,418,2024-07-09,511,93
TXN36378,WH_Pune,Nagpur,Tablet,Inbound,Lenovo,,81,0,17,2024-08-14,98,81
TXN96556,WH_Nagpur,Mumbai,Mouse,Inbound,HP,,167,0,282,2024-12-16,449,167
TXN59736,WH_Mumbai,Nagpur,Keyboard,Outbound,,Reliance,0,33,340,2024-12-29,307,-33
TXN47791,WH_Mumbai,pune,Tablet,Outbound,,Croma,0,95,199,2024-06-03,104,-95
TXN59683,WH_Nagpur,Mumbai,Mobile,Outbound,,Croma,0,6,213,2024-01-07,207,-6
TXN51687,WH_Pune,delhi,Mouse,Outbound,,Croma,0,25,137,2024-03-08,112,-25
TXN71673,WH_Pune,Mumbai,Tablet,Inbound,Canon,,40,0,294,2024-09-14,334,40
TXN78321,WH_Pune,Pune,Mouse,Outbound,,Croma,0,29,190,2024-05-20,161,-29
TXN48513,WH_Nagpur,Delhi,Printer,Inbound,Samsung,,164,0,207,2025-03-01,371,164
TXN88038,WH_Nagpur,Delhi,Monitor,Outbound,,Croma,0,142,320,2024-03-29,178,-142
TXN62213,WH_Nagpur,mumbai,Mouse,Inbound,Dell,,169,0,314,2024-02-05,483,169
TXN11195,WH_Mumbai,Pune,Mobile,Outbound,,TechMart_Store,0,137,469,2025-01-06,332,-137
TXN37078,WH_Pune,Bangalore,Tablet,Inbound,HP,,52,0,221,2024-12-21,273,52
TXN11979,WH_Mumbai,Bangalore,Laptop,Inbound,Samsung,,81,0,482,2024-04-27,563,81
TXN12829,WH_Pune,Mumbai,Mouse,Inbound,Samsung,,158,0,108,2024-08-22,266,158
TXN50675,WH_Mumbai,Nagpur,Printer,Inbound,Canon,,107,0,142,2024-11-13,249,107
TXN58678,WH_Mumbai,Delhi,Mouse,Inbound,Lenovo,,72,0,107,2024-09-21,179,72
TXN50325,WH_Nagpur,delhi,Mobile,Inbound,Samsung,,35,0,487,2025-01-27,522,35
TXN45375,WH_Mumbai,Bangalore,Monitor,Inbound,Dell,,88,0,373,2024-07-08,461,88
TXN97686,WH_Nagpur,Bangalore,Keyboard,Inbound,Logitech,,98,0,379,2024-04-10,477,98
TXN50057,WH_Pune,Mumbai,Printer,Outbound,,Reliance,0,64,49,2024-12-19,-15,-64
TXN35608,WH_Mumbai,Mumbai,Printer,Outbound,,Reliance,0,98,320,2024-05-22,222,-98
TXN26742,WH_Nagpur,Pune,Laptop,Outbound,,Flipkart,0,29,149,2024-12-12,120,-29
TXN11669,WH_Pune,Mumbai,Monitor,Outbound,,Reliance,0,128,60,2024-01-31,-68,-128
TXN54488,WH_Nagpur,Delhi,Mobile,Outbound,,Croma,0,96,105,2024-07-20,9,-96
TXN69780,WH_Nagpur,Nagpur,Mobile,Outbound,,Flipkart,0,140,252,2024-04-26,112,-140
TXN80822,WH_Nagpur,Pune,Laptop,Outbound,,Amazon,0,128,180,2024-10-29,52,-128
TXN82641,WH_Pune,Bangalore,Monitor,Outbound,,Reliance,0,102,331,2024-10-30,229,-102
TXN98504,WH_Pune,Mumbai,Tablet,Outbound,,Reliance,0,117,253,2024-09-22,136,-117
TXN91992,WH_Pune,Bangalore,Mouse,Inbound,Dell,,168,0,428,2024-08-03,596,168
TXN96289,WH_Pune,Bangalore,Printer,Inbound,Dell,,100,0,212,2024-09-23,312,100
TXN63564,WH_Mumbai,Bangalore,Mobile,Inbound,Dell,,156,0,160,2024-10-02,316,156
TXN37474,WH_Nagpur,Pune,Mobile,Inbound,Dell,,12,0,403,2024-11-11,415,12
TXN55359,WH_Mumbai,Bangalore,Monitor,Inbound,Samsung,,154,0,3,2024-05-02,157,154
TXN90679,WH_Mumbai,Delhi,Tablet,Inbound,Dell,,24,0,378,2024-11-06,402,24
TXN69918,WH_Pune,Delhi,Mobile,Inbound,Canon,,58,0,224,2024-05-28,282,58
TXN56540,WH_Nagpur,Nagpur,Tablet,Outbound,,Amazon,0,52,52,2024-04-15,0,-52
TXN50483,WH_Nagpur,Nagpur,Monitor,Outbound,,Amazon,0,9,437,2024-11-12,428,-9
TXN96039,WH_Mumbai,Bangalore,Mobile,Outbound,,Flipkart,0,88,252,2024-05-18,164,-88
TXN42996,WH_Mumbai,Pune,Tablet,Outbound,,Amazon,0,88,201,2024-07-12,113,-88
TXN85863,WH_Nagpur,Mumbai,Tablet,Outbound,,Flipkart,0,52,2,2024-12-12,-50,-52
TXN44124,WH_Mumbai,Bangalore,Mouse,Inbound,Dell,,145,0,414,2024-11-14,559,145
TXN54293,WH_Pune,Bangalore,Keyboard,Outbound,,Amazon,0,159,463,2024-06-13,304,-159
TXN58544,WH_Nagpur,delhi,Laptop,Inbound,HP,,147,0,48,2024-04-26,195,147
TXN12766,WH_Mumbai,Delhi,Tablet,Inbound,Canon,,67,0,432,2024-12-21,499,67
TXN59074,WH_Nagpur,Bangalore,Tablet,Inbound,HP,,20,0,213,2024-07-07,233,20
TXN10419,WH_Pune,Mumbai,Printer,Outbound,,TechMart_Store,0,86,172,2024-03-03,86,-86
TXN36836,WH_Mumbai,Mumbai,Laptop,Outbound,,TechMart_Store,0,67,0,2024-12-06,-67,-67
TXN80056,WH_Pune,Bangalore,Monitor,Inbound,Logitech,,117,0,427,2024-06-11,544,117
TXN58808,WH_Pune,Pune,Mobile,Inbound,Dell,,94,0,430,2024-03-14,524,94
TXN84248,WH_Mumbai,Mumbai,Printer,Inbound,Lenovo,,141,0,493,2024-05-04,634,141
TXN48428,WH_Mumbai,Nagpur,Mouse,Inbound,Canon,,126,0,378,2024-07-10,504,126
TXN24446,WH_Mumbai,Mumbai,Printer,Outbound,,Reliance,0,7,388,2025-01-23,381,-7
TXN90649,WH_Nagpur,Nagpur,Keyboard,Outbound,,Flipkart,0,18,358,2024-08-17,340,-18
TXN49009,WH_Pune,Mumbai,Mouse,Outbound,,Croma,0,34,320,2024-02-26,286,-34
TXN41166,WH_Pune,Mumbai,Mouse,Outbound,,Croma,0,13,425,2025-01-09,412,-13
TXN82547,WH_Nagpur,Mumbai,Monitor,Inbound,Lenovo,,117,0,428,2024-12-17,545,117
TXN49251,WH_Mumbai,Delhi,Mobile,Inbound,Samsung,,188,0,474,2024-04-23,662,188
TXN88459,WH_Pune,Pune,Keyboard,Outbound,,Croma,0,109,7,2024-08-23,-102,-109
TXN60428,WH_Mumbai,Delhi,Printer,Outbound,,Reliance,0,28,44,2024-02-02,16,-28
TXN51045,WH_Pune,Bangalore,Mouse,Inbound,HP,,29,0,495,2024-08-24,524,29
TXN72526,WH_Pune,Delhi,Monitor,Inbound,HP,,62,0,17,2024-01-04,79,62
TXN67970,WH_Nagpur,Bangalore,Monitor,Outbound,,Flipkart,0,49,148,2024-11-10,99,-49
TXN75131,WH_Pune,Pune,Tablet,Outbound,,Croma,0,77,476,2024-10-23,399,-77
TXN29232,WH_Mumbai,pune,Laptop,Inbound,Samsung,,69,0,9,2024-03-26,78,69
TXN63567,WH_Nagpur,Nagpur,Monitor,Inbound,Lenovo,,122,0,491,2024-07-16,613,122
TXN60258,WH_Pune,Nagpur,Monitor,Outbound,,Flipkart,0,103,390,2024-03-24,287,-103
TXN41590,WH_Pune,Nagpur,Monitor,Inbound,HP,,104,0,197,2024-06-18,301,104
TXN40506,WH_Pune,Pune,Mouse,Outbound,,TechMart_Store,0,17,435,2024-09-02,418,-17
TXN38562,WH_Mumbai,Mumbai,Mouse,Inbound,Lenovo,,160,0,65,2024-02-18,225,160
TXN92864,WH_Nagpur,Nagpur,Keyboard,Inbound,HP,,91,0,42,2024-08-10,133,91
TXN13243,WH_Mumbai,Delhi,Monitor,Outbound,,TechMart_Store,0,34,189,2024-11-15,155,-34
TXN57596,WH_Mumbai,mumbai,Keyboard,Outbound,,Reliance,0,66,43,2024-11-25,-23,-66
TXN13245,WH_Pune,Nagpur,Keyboard,Outbound,,Croma,0,134,246,2024-04-10,112,-134
TXN61255,WH_Nagpur,nagpur,Laptop,Inbound,Lenovo,,125,0,327,2024-09-06,452,125
TXN51993,WH_Mumbai,Mumbai,Tablet,Inbound,HP,,193,0,304,2024-05-05,497,193
TXN92429,WH_Mumbai,Mumbai,Monitor,Inbound,Dell,,199,0,205,2024-02-21,404,199
TXN42947,WH_Pune,Mumbai,Mouse,Outbound,,TechMart_Store,0,77,436,2024-01-06,359,-77
TXN84731,WH_Nagpur,Bangalore,Mouse,Inbound,Dell,,12,0,482,2024-12-22,494,12
TXN54510,WH_Pune,Bangalore,Laptop,Outbound,,Reliance,0,35,0,2024-07-15,-35,-35
TXN58728,WH_Pune,Delhi,Laptop,Outbound,,Croma,0,21,487,2024-10-27,466,-21
TXN67891,WH_Pune,Bangalore,Printer,Outbound,,Croma,0,125,319,2024-09-26,194,-125
TXN74448,WH_Mumbai,Nagpur,Mouse,Inbound,Canon,,182,0,254,2024-04-15,436,182
TXN39606,WH_Nagpur,Pune,Monitor,Inbound,HP,,26,0,121,2024-06-14,147,26
TXN74024,WH_Mumbai,Nagpur,Mouse,Outbound,,Flipkart,0,93,432,2024-06-30,339,-93
TXN66247,WH_Pune,Bangalore,Mobile,Outbound,,TechMart_Store,0,24,432,2024-01-12,408,-24
TXN67382,WH_Mumbai,Bangalore,Monitor,Outbound,,TechMart_Store,0,44,422,2024-04-01,378,-44
TXN30814,WH_Mumbai,Nagpur,Mouse,Outbound,,Croma,0,65,165,2024-11-14,100,-65
TXN34330,WH_Pune,nagpur,Mouse,Outbound,,Croma,0,106,221,2024-09-25,115,-106
TXN51163,WH_Pune,Bangalore,Mouse,Inbound,Lenovo,,10,0,140,2024-10-09,150,10
TXN36137,WH_Nagpur,Nagpur,Tablet,Inbound,Lenovo,,71,0,422,2024-11-13,493,71
TXN31057,WH_Pune,Bangalore,Mobile,Outbound,,Reliance,0,71,135,2024-04-01,64,-71
TXN78736,WH_Pune,Nagpur,Mouse,Outbound,,Flipkart,0,79,235,2025-02-04,156,-79
TXN58366,WH_Nagpur,Mumbai,Printer,Inbound,Logitech,,200,0,347,2024-04-05,547,200
TXN45381,WH_Nagpur,Delhi,Mobile,Outbound,,Croma,0,14,349,2024-06-22,335,-14
TXN72009,WH_Pune,Nagpur,Tablet,Inbound,Canon,,59,0,247,2024-12-07,306,59
TXN93268,WH_Mumbai,Bangalore,Laptop,Outbound,,TechMart_Store,0,41,344,2025-01-09,303,-41
TXN92728,WH_Pune,Mumbai,Keyboard,Inbound,Canon,,110,0,177,2024-03-24,287,110
TXN68009,WH_Mumbai,Delhi,Laptop,Outbound,,Amazon,0,126,103,2024-12-08,-23,-126
TXN65584,WH_Mumbai,Bangalore,Keyboard,Outbound,,Flipkart,0,121,239,2024-07-04,118,-121
TXN64558,WH_Mumbai,Pune,Printer,Inbound,Samsung,,164,0,335,2024-08-28,499,164
TXN27625,WH_Nagpur,Pune,Mobile,Inbound,Dell,,169,0,348,2024-02-23,517,169
TXN11707,WH_Mumbai,Mumbai,Monitor,Inbound,Dell,,173,0,316,2024-12-29,489,173
TXN51912,WH_Nagpur,Delhi,Printer,Outbound,,Flipkart,0,105,269,2024-10-22,164,-105
TXN25676,WH_Mumbai,pune,Printer,Outbound,,Reliance,0,138,437,2024-04-08,299,-138
TXN30988,WH_Nagpur,Pune,Mouse,Outbound,,Reliance,0,8,350,2024-04-24,342,-8
TXN36558,WH_Nagpur,Bangalore,Laptop,Inbound,Logitech,,174,0,99,2024-09-21,273,174
TXN29380,WH_Mumbai,Pune,Mobile,Outbound,,Croma,0,139,138,2024-07-31,-1,-139
TXN77646,WH_Mumbai,Pune,Tablet,Outbound,,Reliance,0,154,418,2025-01-15,264,-154
TXN23117,WH_Pune,Bangalore,Monitor,Outbound,,Flipkart,0,174,42,2024-01-01,-132,-174
TXN45249,WH_Mumbai,Nagpur,Laptop,Outbound,,Flipkart,0,89,401,2024-04-24,312,-89
TXN70210,WH_Pune,Delhi,Printer,Inbound,Samsung,,55,0,281,2025-01-10,336,55
TXN97579,WH_Pune,Bangalore,Mobile,Inbound,Dell,,180,0,385,2024-02-23,565,180
TXN41553,WH_Mumbai,Delhi,Monitor,Outbound,,TechMart_Store,0,76,216,2024-04-30,140,-76
TXN12501,WH_Pune,Nagpur,Laptop,Inbound,Canon,,49,0,414,2024-08-14,463,49
TXN58549,WH_Nagpur,Delhi,Mobile,Inbound,Dell,,174,0,499,2024-03-26,673,174
TXN88249,WH_Mumbai,Nagpur,Mobile,Inbound,Dell,,10,0,499,2024-10-30,509,10
TXN16971,WH_Pune,Nagpur,Keyboard,Inbound,Samsung,,152,0,278,2024-01-24,430,152
TXN25835,WH_Mumbai,Delhi,Printer,Inbound,Dell,,135,0,133,2024-04-29,268,135
TXN19025,WH_Mumbai,Pune,Mobile,Inbound,Samsung,,120,0,393,2025-03-02,513,120
TXN38838,WH_Mumbai,Delhi,Laptop,Inbound,Lenovo,,181,0,231,2024-11-30,412,181
TXN95176,WH_Nagpur,Pune,Keyboard,Inbound,Lenovo,,132,0,266,2024-09-16,398,132
TXN11378,WH_Nagpur,Nagpur,Laptop,Outbound,,Flipkart,0,24,64,2024-10-30,40,-24
TXN26275,WH_Mumbai,Mumbai,Tablet,Outbound,,Flipkart,0,69,473,2024-01-28,404,-69
TXN53544,WH_Mumbai,Bangalore,Monitor,Outbound,,Amazon,0,71,64,2024-03-18,-7,-71
TXN16404,WH_Nagpur,Nagpur,Printer,Inbound,Logitech,,99,0,147,2024-08-27,246,99
TXN51018,WH_Nagpur,Delhi,Mouse,Outbound,,Reliance,0,17,476,2024-12-10,459,-17
TXN59328,WH_Nagpur,Delhi,Monitor,Outbound,,Amazon,0,18,74,2024-04-01,56,-18
TXN88568,WH_Pune,Nagpur,Mouse,Inbound,Logitech,,113,0,354,2024-08-03,467,113
TXN39846,WH_Mumbai,Bangalore,Mouse,Outbound,,TechMart_Store,0,108,228,2024-09-02,120,-108
TXN69573,WH_Nagpur,Pune,Printer,Inbound,HP,,142,0,350,2024-02-27,492,142
TXN65640,WH_Pune,Delhi,Keyboard,Outbound,,Reliance,0,86,268,2025-01-03,182,-86
TXN47688,WH_Pune,Nagpur,Laptop,Outbound,,TechMart_Store,0,180,207,2025-01-24,27,-180
TXN35585,WH_Mumbai,Nagpur,Laptop,Inbound,Canon,,104,0,117,2024-06-08,221,104
TXN85334,WH_Nagpur,delhi,Keyboard,Inbound,Samsung,,143,0,48,2024-10-01,191,143
TXN46527,WH_Mumbai,Delhi,Mobile,Outbound,,TechMart_Store,0,27,63,2024-07-26,36,-27
TXN44358,WH_Pune,Mumbai,Mouse,Outbound,,Reliance,0,154,30,2024-10-18,-124,-154
TXN83613,WH_Mumbai,Mumbai,Mouse,Outbound,,TechMart_Store,0,85,358,2024-10-30,273,-85
TXN10391,WH_Nagpur,Bangalore,Printer,Inbound,Samsung,,20,0,294,2024-06-12,314,20
TXN97688,WH_Pune,Bangalore,Laptop,Outbound,,TechMart_Store,0,166,428,2024-02-24,262,-166
TXN61512,WH_Mumbai,Mumbai,Mouse,Outbound,,Croma,0,122,308,2024-12-07,186,-122
TXN63689,WH_Nagpur,nagpur,Mouse,Inbound,HP,,52,0,321,2024-12-28,373,52
TXN85227,WH_Nagpur,Delhi,Mouse,Outbound,,TechMart_Store,0,12,154,2024-09-30,142,-12
TXN41858,WH_Pune,Mumbai,Mouse,Inbound,Lenovo,,93,0,428,2024-05-31,521,93
TXN84400,WH_Nagpur,Mumbai,Laptop,Inbound,Dell,,180,0,5,2024-06-19,185,180
TXN56667,WH_Mumbai,Bangalore,Tablet,Inbound,Logitech,,185,0,308,2024-12-03,493,185
TXN10603,WH_Pune,Bangalore,Mouse,Inbound,Lenovo,,96,0,492,2024-02-26,588,96
TXN28531,WH_Nagpur,Delhi,Keyboard,Outbound,,Amazon,0,40,133,2024-10-03,93,-40
TXN89589,WH_Mumbai,Pune,Laptop,Outbound,,Reliance,0,123,70,2024-02-03,-53,-123
TXN36145,WH_Pune,Nagpur,Mouse,Outbound,,Flipkart,0,114,20,2024-06-30,-94,-114
TXN40327,WH_Nagpur,pune,Mobile,Inbound,Samsung,,86,0,64,2024-01-31,150,86
TXN51526,WH_Nagpur,Pune,Mobile,Inbound,Samsung,,46,0,128,2024-01-17,174,46
TXN76241,WH_Pune,Nagpur,Mobile,Outbound,,Amazon,0,34,214,2024-01-16,180,-34
TXN72288,WH_Mumbai,Pune,Laptop,Inbound,Canon,,152,0,317,2024-04-12,469,152
TXN52578,WH_Pune,Mumbai,Laptop,Outbound,,Croma,0,165,242,2024-10-08,77,-165
TXN56805,WH_Mumbai,Mumbai,Keyboard,Inbound,Lenovo,,89,0,416,2024-11-28,505,89
TXN80398,WH_Pune,Mumbai,Mobile,Inbound,Dell,,117,0,25,2024-01-03,142,117
TXN71338,WH_Nagpur,Nagpur,Laptop,Outbound,,TechMart_Store,0,104,425,2024-02-28,321,-104
TXN75949,WH_Nagpur,Delhi,Tablet,Outbound,,Amazon,0,173,180,2024-08-05,7,-173
TXN39590,WH_Mumbai,Mumbai,Printer,Outbound,,Reliance,0,65,333,2025-01-18,268,-65
TXN70722,WH_Mumbai,Mumbai,Monitor,Outbound,,TechMart_Store,0,54,182,2024-05-10,128,-54
TXN34457,WH_Mumbai,Delhi,Monitor,Outbound,,Amazon,0,45,310,2024-10-28,265,-45
TXN35811,WH_Pune,Pune,Printer,Inbound,Logitech,,105,0,329,2024-01-22,434,105
TXN93453,WH_Mumbai,Bangalore,Mobile,Inbound,Canon,,14,0,452,2024-01-20,466,14
TXN68460,WH_Nagpur,Pune,Laptop,Inbound,Canon,,152,0,319,2024-12-24,471,152
TXN80984,WH_Pune,Delhi,Mobile,Outbound,,Flipkart,0,118,466,2024-09-13,348,-118
TXN11442,WH_Pune,Nagpur,Laptop,Outbound,,Croma,0,84,423,2024-03-19,339,-84
TXN93388,WH_Mumbai,Delhi,Keyboard,Inbound,Canon,,131,0,110,2025-02-04,241,131
TXN95069,WH_Mumbai,Delhi,Mobile,Inbound,Dell,,191,0,328,2024-07-13,519,191
TXN67126,WH_Pune,Delhi,Laptop,Inbound,Dell,,68,0,443,2024-09-05,511,68
TXN14984,WH_Nagpur,Nagpur,Printer,Outbound,,TechMart_Store,0,65,254,2024-01-22,189,-65
TXN56925,WH_Nagpur,Delhi,Mouse,Inbound,Dell,,191,0,186,2025-01-08,377,191
TXN56560,WH_Mumbai,Mumbai,Keyboard,Inbound,HP,,152,0,77,2024-03-15,229,152
TXN49755,WH_Nagpur,Bangalore,Laptop,Outbound,,Croma,0,134,400,2024-05-29,266,-134
TXN11021,WH_Pune,Delhi,Tablet,Inbound,Dell,,178,0,261,2024-06-04,439,178
TXN11403,WH_Nagpur,Pune,Tablet,Outbound,,TechMart_Store,0,19,70,2025-01-03,51,-19
TXN41238,WH_Pune,Mumbai,Mouse,Inbound,Dell,,103,0,55,2024-10-12,158,103
TXN52133,WH_Pune,Nagpur,Laptop,Inbound,Lenovo,,72,0,230,2024-05-18,302,72
TXN38398,WH_Nagpur,Delhi,Mouse,Outbound,,Reliance,0,47,61,2024-02-24,14,-47
TXN63627,WH_Nagpur,Nagpur,Tablet,Inbound,Logitech,,117,0,83,2024-07-15,200,117
TXN27697,WH_Nagpur,Delhi,Tablet,Outbound,,TechMart_Store,0,36,86,2024-07-02,50,-36
TXN81940,WH_Nagpur,Pune,Monitor,Outbound,,Amazon,0,113,418,2024-07-16,305,-113
TXN30431,WH_Pune,Bangalore,Monitor,Outbound,,Amazon,0,176,332,2024-04-07,156,-176
TXN78180,WH_Nagpur,Bangalore,Keyboard,Inbound,Dell,,110,0,326,2025-01-21,436,110
TXN84335,WH_Nagpur,Nagpur,Monitor,Outbound,,Flipkart,0,147,51,2024-09-12,-96,-147
TXN96308,WH_Nagpur,Nagpur,Mouse,Inbound,Lenovo,,37,0,9,2024-10-27,46,37
TXN86171,WH_Pune,Delhi,Tablet,Outbound,,Amazon,0,27,51,2024-07-11,24,-27
TXN95094,WH_Pune,Pune,Mobile,Inbound,Samsung,,88,0,448,2024-12-29,536,88
TXN37936,WH_Pune,Delhi,Keyboard,Inbound,Samsung,,111,0,12,2024-02-17,123,111
TXN44419,WH_Mumbai,Delhi,Keyboard,Outbound,,Croma,0,73,70,2024-10-01,-3,-73
TXN36518,WH_Mumbai,Delhi,Printer,Outbound,,TechMart_Store,0,32,335,2024-04-12,303,-32
TXN41201,WH_Pune,Nagpur,Mouse,Inbound,HP,,76,0,496,2024-12-08,572,76
TXN13608,WH_Nagpur,Nagpur,Laptop,Inbound,HP,,152,0,220,2024-05-29,372,152
TXN88239,WH_Mumbai,Delhi,Laptop,Inbound,Samsung,,197,0,180,2024-04-23,377,197
TXN64935,WH_Pune,Delhi,Laptop,Inbound,Canon,,151,0,144,2025-01-01,295,151
TXN48232,WH_Mumbai,Delhi,Keyboard,Outbound,,Reliance,0,74,53,2024-12-21,-21,-74
TXN97915,WH_Pune,nagpur,Tablet,Outbound,,Croma,0,127,53,2024-07-23,-74,-127
TXN73370,WH_Nagpur,Pune,Keyboard,Inbound,Lenovo,,114,0,268,2024-08-30,382,114
TXN84851,WH_Mumbai,Nagpur,Keyboard,Inbound,HP,,85,0,49,2024-10-14,134,85
TXN28015,WH_Pune,Nagpur,Monitor,Outbound,,Reliance,0,173,331,2024-04-24,158,-173
TXN84413,WH_Nagpur,Pune,Keyboard,Inbound,Canon,,65,0,281,2024-02-08,346,65
TXN74307,WH_Mumbai,Nagpur,Tablet,Inbound,HP,,137,0,165,2024-09-05,302,137
TXN79166,WH_Nagpur,Nagpur,Mobile,Inbound,Canon,,192,0,402,2024-07-22,594,192
TXN95562,WH_Mumbai,Mumbai,Mouse,Outbound,,TechMart_Store,0,148,300,2024-03-04,152,-148
TXN35963,WH_Mumbai,delhi,Printer,Inbound,Lenovo,,114,0,161,2024-10-29,275,114
TXN80123,WH_Nagpur,Pune,Mobile,Outbound,,Croma,0,104,478,2024-05-07,374,-104
TXN87033,WH_Mumbai,Bangalore,Mouse,Inbound,Samsung,,172,0,189,2024-12-18,361,172
TXN50921,WH_Mumbai,Delhi,Tablet,Inbound,Logitech,,75,0,347,2024-01-05,422,75
TXN84412,WH_Pune,Nagpur,Printer,Inbound,HP,,191,0,293,2024-12-12,484,191
TXN33252,WH_Nagpur,Pune,Printer,Outbound,,Flipkart,0,18,104,2024-12-06,86,-18
TXN51126,WH_Nagpur,delhi,Monitor,Outbound,,Reliance,0,86,234,2025-01-14,148,-86
TXN83194,WH_Mumbai,bangalore,Printer,Inbound,Lenovo,,103,0,87,2024-06-11,190,103
TXN84586,WH_Mumbai,Delhi,Keyboard,Inbound,Canon,,134,0,495,2024-11-07,629,134
TXN74422,WH_Mumbai,Nagpur,Keyboard,Inbound,Dell,,165,0,358,2025-01-30,523,165
TXN71400,WH_Mumbai,Mumbai,Keyboard,Inbound,Lenovo,,176,0,165,2024-05-01,341,176
TXN56567,WH_Pune,Delhi,Monitor,Inbound,Canon,,139,0,307,2024-06-17,446,139
TXN53344,WH_Pune,Nagpur,Printer,Outbound,,Croma,0,91,227,2024-12-31,136,-91
TXN46047,WH_Pune,Delhi,Keyboard,Inbound,Dell,,173,0,303,2024-07-25,476,173
TXN43198,WH_Mumbai,Mumbai,Printer,Outbound,,TechMart_Store,0,119,20,2024-12-22,-99,-119
TXN94066,WH_Nagpur,Mumbai,Keyboard,Outbound,,Flipkart,0,163,211,2024-07-05,48,-163
TXN93838,WH_Pune,Pune,Mouse,Outbound,,Reliance,0,155,34,2024-12-16,-121,-155
TXN18181,WH_Mumbai,Pune,Monitor,Outbound,,TechMart_Store,0,60,284,2024-09-29,224,-60
TXN54000,WH_Nagpur,Bangalore,Tablet,Inbound,Canon,,171,0,323,2024-07-17,494,171
TXN95217,WH_Nagpur,Mumbai,Laptop,Outbound,,Croma,0,8,235,2025-01-17,227,-8
TXN21892,WH_Mumbai,Pune,Mobile,Outbound,,Flipkart,0,17,370,2024-09-15,353,-17
TXN37492,WH_Mumbai,Nagpur,Keyboard,Inbound,Dell,,170,0,27,2024-10-20,197,170
TXN40088,WH_Nagpur,Delhi,Tablet,Outbound,,Flipkart,0,22,268,2024-06-21,246,-22
TXN50818,WH_Nagpur,Bangalore,Keyboard,Outbound,,Reliance,0,177,295,2024-06-06,118,-177
TXN79711,WH_Pune,Bangalore,Keyboard,Outbound,,Reliance,0,49,173,2024-12-03,124,-49
TXN18213,WH_Mumbai,Delhi,Keyboard,Inbound,Canon,,63,0,122,2024-12-05,185,63
TXN15910,WH_Pune,Nagpur,Keyboard,Inbound,Canon,,177,0,425,2024-06-06,602,177
TXN51380,WH_Mumbai,Mumbai,Laptop,Outbound,,Flipkart,0,137,470,2024-11-23,333,-137
TXN76184,WH_Mumbai,Mumbai,Printer,Outbound,,Amazon,0,111,333,2024-12-30,222,-111
TXN11076,WH_Nagpur,Delhi,Mobile,Outbound,,Amazon,0,117,132,2024-01-11,15,-117
TXN65221,WH_Nagpur,Mumbai,Keyboard,Outbound,,Croma,0,104,385,2024-09-02,281,-104
TXN77749,WH_Pune,Nagpur,Keyboard,Inbound,HP,,88,0,120,2024-09-10,208,88
TXN28839,WH_Pune,Pune,Mouse,Outbound,,Amazon,0,112,494,2024-06-09,382,-112
TXN24787,WH_Pune,Nagpur,Mobile,Inbound,Dell,,119,0,474,2024-05-23,593,119
TXN25927,WH_Pune,Mumbai,Tablet,Inbound,HP,,136,0,426,2024-02-04,562,136
TXN92390,WH_Nagpur,Mumbai,Monitor,Outbound,,Flipkart,0,136,238,2024-07-04,102,-136
TXN49579,WH_Mumbai,Pune,Laptop,Outbound,,Amazon,0,122,55,2024-08-19,-67,-122
TXN38757,WH_Nagpur,Mumbai,Keyboard,Outbound,,Reliance,0,159,399,2024-10-09,240,-159
TXN22898,WH_Nagpur,bangalore,Keyboard,Inbound,Lenovo,,141,0,435,2024-04-27,576,141
TXN75989,WH_Nagpur,Mumbai,Laptop,Inbound,Canon,,64,0,151,2024-10-09,215,64
TXN85471,WH_Pune,Bangalore,Monitor,Inbound,Samsung,,21,0,272,2024-08-16,293,21
TXN89097,WH_Nagpur,Mumbai,Laptop,Inbound,Logitech,,199,0,157,2024-09-24,356,199
TXN13750,WH_Mumbai,Mumbai,Monitor,Inbound,Samsung,,187,0,2,2024-06-22,189,187
TXN29263,WH_Pune,Delhi,Mobile,Inbound,Logitech,,166,0,263,2024-07-28,429,166
TXN54062,WH_Mumbai,Delhi,Keyboard,Inbound,HP,,29,0,444,2024-09-17,473,29
TXN66691,WH_Nagpur,Mumbai,Monitor,Outbound,,TechMart_Store,0,39,363,2024-07-18,324,-39
TXN86286,WH_Nagpur,Nagpur,Keyboard,Inbound,Dell,,200,0,84,2024-06-18,284,200
TXN77168,WH_Nagpur,Delhi,Laptop,Inbound,Samsung,,106,0,198,2024-03-21,304,106
TXN51822,WH_Nagpur,Bangalore,Mouse,Inbound,Dell,,157,0,115,2024-06-06,272,157
TXN49035,WH_Mumbai,Bangalore,Laptop,Inbound,Lenovo,,196,0,479,2024-09-26,675,196
TXN46024,WH_Nagpur,bangalore,Laptop,Outbound,,Reliance,0,9,4,2024-08-09,-5,-9
TXN91145,WH_Nagpur,Nagpur,Keyboard,Inbound,Lenovo,,180,0,90,2024-12-21,270,180
TXN69524,WH_Mumbai,Mumbai,Tablet,Outbound,,Amazon,0,180,395,2024-07-22,215,-180
TXN65017,WH_Nagpur,mumbai,Monitor,Outbound,,Croma,0,172,141,2024-02-26,-31,-172
TXN37846,WH_Pune,Nagpur,Tablet,Inbound,Canon,,68,0,420,2024-10-20,488,68
TXN74669,WH_Pune,nagpur,Tablet,Inbound,Lenovo,,138,0,386,2024-07-05,524,138
TXN19809,WH_Pune,Delhi,Keyboard,Inbound,Logitech,,174,0,189,2024-01-18,363,174
TXN70644,WH_Pune,Bangalore,Keyboard,Outbound,,Reliance,0,38,434,2024-06-25,396,-38
TXN19988,WH_Pune,Bangalore,Monitor,Inbound,Dell,,38,0,365,2025-01-07,403,38
TXN76894,WH_Mumbai,Mumbai,Mouse,Inbound,Canon,,141,0,476,2024-12-27,617,141
TXN25904,WH_Nagpur,Mumbai,Tablet,Inbound,Canon,,41,0,442,2024-11-01,483,41
TXN86161,WH_Nagpur,Mumbai,Printer,Inbound,Lenovo,,18,0,228,2024-10-11,246,18
TXN46062,WH_Nagpur,Mumbai,Mobile,Inbound,Logitech,,186,0,241,2024-07-31,427,186
TXN72823,WH_Nagpur,Pune,Monitor,Inbound,Samsung,,13,0,488,2024-05-26,501,13
TXN12780,WH_Mumbai,Pune,Monitor,Inbound,Canon,,22,0,223,2024-03-20,245,22
TXN20148,WH_Pune,Nagpur,Laptop,Inbound,Logitech,,97,0,297,2024-05-09,394,97
TXN62821,WH_Nagpur,Mumbai,Keyboard,Outbound,,Flipkart,0,36,23,2024-05-03,-13,-36
TXN73555,WH_Nagpur,Mumbai,Mobile,Outbound,,Croma,0,92,270,2025-07-01,178,-92
TXN78944,WH_Mumbai,Mumbai,Tablet,Inbound,Dell,,148,0,171,2024-12-07,319,148
TXN29022,WH_Pune,Pune,Printer,Outbound,,Amazon,0,81,216,2024-01-31,135,-81
TXN39714,WH_Pune,Bangalore,Mouse,Outbound,,Croma,0,26,140,2024-02-06,114,-26
TXN94012,WH_Nagpur,Nagpur,Laptop,Outbound,,Flipkart,0,6,450,2024-01-16,444,-6
TXN81116,WH_Nagpur,Bangalore,Mouse,Inbound,HP,,152,0,273,2024-02-22,425,152
TXN77793,WH_Pune,pune,Keyboard,Outbound,,TechMart_Store,0,171,57,2024-08-22,-114,-171
TXN88835,WH_Nagpur,Delhi,Mouse,Outbound,,Flipkart,0,25,452,2024-11-04,427,-25
TXN32577,WH_Pune,Pune,Tablet,Inbound,HP,,182,0,153,2024-08-03,335,182
TXN95744,WH_Pune,Nagpur,Monitor,Outbound,,Croma,0,164,399,2024-06-28,235,-164
TXN66207,WH_Nagpur,Bangalore,Tablet,Inbound,Canon,,126,0,468,2024-08-27,594,126
TXN64072,WH_Mumbai,Bangalore,Keyboard,Inbound,Dell,,143,0,500,2024-09-01,643,143
TXN38152,WH_Mumbai,Mumbai,Mobile,Inbound,Samsung,,35,0,427,2024-07-22,462,35
TXN90864,WH_Mumbai,Nagpur,Laptop,Inbound,Canon,,37,0,319,2024-12-16,356,37
TXN88335,WH_Nagpur,Delhi,Tablet,Outbound,,Flipkart,0,160,249,2024-05-30,89,-160
TXN54577,WH_Nagpur,Mumbai,Monitor,Outbound,,Flipkart,0,178,86,2024-06-13,-92,-178
TXN26445,WH_Mumbai,Nagpur,Mobile,Outbound,,Croma,0,87,306,2024-04-25,219,-87
TXN78575,WH_Nagpur,Bangalore,Keyboard,Outbound,,Reliance,0,140,45,2024-05-07,-95,-140
TXN39687,WH_Mumbai,Bangalore,Mouse,Inbound,HP,,41,0,60,2025-02-01,101,41
TXN37695,WH_Nagpur,Mumbai,Keyboard,Inbound,Logitech,,149,0,282,2024-04-07,431,149
TXN56060,WH_Mumbai,Nagpur,Keyboard,Inbound,Canon,,179,0,399,2024-03-10,578,179
TXN25526,WH_Pune,Mumbai,Mouse,Outbound,,Flipkart,0,172,242,2024-05-15,70,-172
TXN92604,WH_Nagpur,Mumbai,Printer,Outbound,,Flipkart,0,27,258,2024-04-15,231,-27
TXN86876,WH_Mumbai,Bangalore,Tablet,Outbound,,Croma,0,13,233,2025-01-01,220,-13
TXN63430,WH_Pune,Delhi,Monitor,Inbound,Samsung,,129,0,158,2024-12-01,287,129
TXN66997,WH_Mumbai,Nagpur,Mobile,Inbound,Lenovo,,121,0,369,2024-03-13,490,121
TXN97906,WH_Mumbai,delhi,Keyboard,Inbound,Logitech,,151,0,410,2024-03-23,561,151
TXN94598,WH_Pune,Pune,Mouse,Outbound,,Reliance,0,91,447,2024-07-30,356,-91
TXN46396,WH_Mumbai,bangalore,Monitor,Outbound,,Amazon,0,168,103,2024-03-12,-65,-168
TXN32842,WH_Nagpur,Nagpur,Laptop,Inbound,Canon,,18,0,400,2024-10-06,418,18
TXN53122,WH_Pune,Bangalore,Printer,Inbound,Lenovo,,196,0,315,2024-06-06,511,196
TXN14047,WH_Nagpur,Mumbai,Mouse,Outbound,,Reliance,0,172,76,2024-04-10,-96,-172
TXN84564,WH_Mumbai,Mumbai,Monitor,Outbound,,Reliance,0,128,181,2024-06-02,53,-128
TXN36284,WH_Pune,Delhi,Monitor,Inbound,HP,,181,0,29,2024-06-29,210,181
TXN35470,WH_Nagpur,Pune,Monitor,Outbound,,TechMart_Store,0,44,68,2024-09-21,24,-44
TXN87839,WH_Nagpur,Bangalore,Tablet,Outbound,,TechMart_Store,0,11,326,2024-08-27,315,-11
TXN79631,WH_Mumbai,Pune,Mobile,Inbound,Lenovo,,91,0,472,2024-05-15,563,91
TXN25352,WH_Nagpur,Pune,Monitor,Inbound,Dell,,121,0,261,2024-04-02,382,121
TXN48117,WH_Nagpur,Mumbai,Mouse,Inbound,HP,,174,0,188,2024-10-03,362,174
TXN26644,WH_Mumbai,Bangalore,Mobile,Inbound,Canon,,122,0,354,2024-05-18,476,122
TXN11106,WH_Mumbai,Delhi,Keyboard,Inbound,Logitech,,166,0,120,2024-04-21,286,166
TXN58200,WH_Pune,Delhi,Printer,Outbound,,Flipkart,0,115,387,2024-05-01,272,-115
TXN56136,WH_Pune,Nagpur,Mobile,Outbound,,TechMart_Store,0,153,478,2024-06-30,325,-153
TXN72257,WH_Nagpur,bangalore,Mobile,Outbound,,TechMart_Store,0,88,448,2024-03-22,360,-88
TXN76372,WH_Pune,nagpur,Mouse,Outbound,,Amazon,0,46,201,2024-02-05,155,-46
TXN39207,WH_Pune,Bangalore,Laptop,Inbound,Logitech,,168,0,22,2024-04-09,190,168
TXN59835,WH_Pune,Nagpur,Mobile,Outbound,,Reliance,0,5,327,2024-03-23,322,-5
TXN27633,WH_Mumbai,Delhi,Monitor,Outbound,,Reliance,0,113,112,2024-03-05,-1,-113
TXN60360,WH_Nagpur,pune,Monitor,Inbound,Samsung,,125,0,114,2024-02-01,239,125
TXN46209,WH_Pune,Bangalore,Tablet,Outbound,,TechMart_Store,0,15,124,2024-05-03,109,-15
TXN84856,WH_Mumbai,Delhi,Laptop,Outbound,,Reliance,0,88,80,2024-01-30,-8,-88
TXN38347,WH_Mumbai,delhi,Keyboard,Inbound,Lenovo,,104,0,489,2024-04-11,593,104
TXN65191,WH_Pune,Mumbai,Mobile,Inbound,Canon,,145,0,69,2024-10-03,214,145
TXN68611,WH_Pune,Pune,Tablet,Inbound,Canon,,81,0,22,2024-09-10,103,81
TXN58700,WH_Mumbai,Bangalore,Mobile,Outbound,,TechMart_Store,0,54,95,2024-10-01,41,-54
TXN86874,WH_Mumbai,Pune,Mobile,Outbound,,Flipkart,0,27,75,2024-03-10,48,-27
TXN57882,WH_Nagpur,delhi,Mouse,Inbound,Dell,,90,0,265,2024-08-13,355,90
TXN25302,WH_Pune,Nagpur,Laptop,Outbound,,Reliance,0,59,288,2024-09-24,229,-59
TXN19115,WH_Pune,Nagpur,Printer,Inbound,Canon,,151,0,80,2024-05-07,231,151
TXN80523,WH_Mumbai,Delhi,Monitor,Inbound,Canon,,22,0,132,2024-05-04,154,22
TXN48752,WH_Pune,Mumbai,Laptop,Outbound,,Amazon,0,158,397,2024-08-20,239,-158
TXN53686,WH_Pune,Nagpur,Mobile,Outbound,,Reliance,0,31,28,2024-11-18,-3,-31
TXN86001,WH_Nagpur,Pune,Laptop,Outbound,,Flipkart,0,150,77,2025-01-14,-73,-150
TXN88289,WH_Pune,Bangalore,Monitor,Outbound,,Flipkart,0,174,219,2024-09-02,45,-174
TXN34411,WH_Mumbai,Delhi,Mouse,Outbound,,Amazon,0,13,184,2024-09-19,171,-13
TXN38909,WH_Nagpur,Nagpur,Monitor,Outbound,,Amazon,0,134,9,2024-02-10,-125,-134
TXN44199,WH_Pune,Mumbai,Mobile,Inbound,Dell,,61,0,197,2024-03-02,258,61
TXN22176,WH_Nagpur,Mumbai,Mobile,Inbound,Canon,,133,0,400,2024-09-12,533,133
TXN88286,WH_Pune,Pune,Tablet,Inbound,Dell,,187,0,293,2024-05-04,480,187
TXN73179,WH_Mumbai,Nagpur,Monitor,Inbound,Logitech,,114,0,135,2024-03-07,249,114
TXN81227,WH_Mumbai,Bangalore,Monitor,Outbound,,TechMart_Store,0,155,341,2024-04-09,186,-155
TXN87019,WH_Pune,Mumbai,Mouse,Inbound,Dell,,100,0,107,2024-02-13,207,100
TXN92768,WH_Nagpur,Bangalore,Printer,Inbound,HP,,76,0,296,2024-07-08,372,76
TXN67517,WH_Pune,Bangalore,Laptop,Outbound,,TechMart_Store,0,100,120,2024-09-10,20,-100
TXN19792,WH_Mumbai,Mumbai,Mobile,Inbound,Dell,,32,0,454,2024-12-01,486,32
TXN63326,WH_Mumbai,Bangalore,Monitor,Inbound,Lenovo,,153,0,198,2024-12-30,351,153
TXN49453,WH_Mumbai,Mumbai,Keyboard,Outbound,,Amazon,0,155,109,2024-09-10,-46,-155
TXN51798,WH_Mumbai,Nagpur,Mouse,Inbound,Samsung,,140,0,174,2024-05-19,314,140
TXN38781,WH_Pune,Pune,Mouse,Outbound,,Flipkart,0,155,452,2024-08-06,297,-155
TXN66242,WH_Mumbai,Mumbai,Tablet,Outbound,,Flipkart,0,126,326,2024-06-29,200,-126
TXN74186,WH_Pune,Bangalore,Tablet,Inbound,Dell,,187,0,143,2024-11-06,330,187
TXN76811,WH_Nagpur,Mumbai,Tablet,Inbound,Samsung,,81,0,244,2024-02-28,325,81
TXN34752,WH_Mumbai,Delhi,Printer,Outbound,,Reliance,0,41,95,2024-03-23,54,-41
TXN43789,WH_Pune,Mumbai,Laptop,Outbound,,Reliance,0,110,43,2024-06-20,-67,-110
TXN98697,WH_Mumbai,Mumbai,Mouse,Outbound,,Flipkart,0,133,181,2024-08-21,48,-133
TXN71791,WH_Nagpur,Pune,Monitor,Outbound,,TechMart_Store,0,141,345,2024-03-13,204,-141
TXN65271,WH_Pune,Bangalore,Printer,Inbound,Logitech,,125,0,365,2024-07-16,490,125
TXN86148,WH_Nagpur,Delhi,Tablet,Inbound,Canon,,197,0,136,2024-11-03,333,197
TXN26172,WH_Mumbai,Delhi,Mouse,Outbound,,Reliance,0,5,241,2024-09-09,236,-5
TXN10603,WH_Mumbai,Nagpur,Monitor,Outbound,,Flipkart,0,10,56,2024-01-26,46,-10
TXN65793,WH_Nagpur,Mumbai,Monitor,Inbound,HP,,172,0,330,2024-11-13,502,172
TXN21494,WH_Pune,Nagpur,Monitor,Inbound,Lenovo,,179,0,250,2024-04-25,429,179
TXN93767,WH_Nagpur,Delhi,Laptop,Inbound,Canon,,128,0,269,2024-01-14,397,128
TXN75294,WH_Mumbai,Mumbai,Tablet,Outbound,,Reliance,0,86,158,2024-08-02,72,-86
TXN44378,WH_Mumbai,Pune,Mobile,Inbound,Logitech,,136,0,310,2024-01-02,446,136
TXN31054,WH_Pune,delhi,Mouse,Outbound,,Croma,0,93,121,2024-06-28,28,-93
TXN62856,WH_Mumbai,Pune,Monitor,Inbound,Dell,,110,0,250,2024-04-05,360,110
TXN69625,WH_Pune,Pune,Monitor,Inbound,Dell,,127,0,326,2024-06-16,453,127
TXN44438,WH_Pune,Nagpur,Mobile,Inbound,Samsung,,187,0,31,2024-07-07,218,187
TXN91276,WH_Pune,Mumbai,Keyboard,Inbound,Canon,,171,0,239,2024-06-26,410,171
TXN79166,WH_Nagpur,Mumbai,Printer,Inbound,HP,,103,0,396,2024-01-18,499,103
TXN79093,WH_Nagpur,Mumbai,Printer,Inbound,Samsung,,41,0,79,2024-06-13,120,41
TXN51539,WH_Nagpur,Mumbai,Printer,Outbound,,TechMart_Store,0,48,171,2024-02-03,123,-48
TXN44415,WH_Pune,Pune,Mouse,Inbound,HP,,178,0,77,2024-08-09,255,178
TXN46874,WH_Nagpur,Nagpur,Tablet,Outbound,,Croma,0,111,66,2024-08-14,-45,-111
TXN17794,WH_Nagpur,Mumbai,Keyboard,Outbound,,Croma,0,112,60,2024-09-08,-52,-112
TXN28283,WH_Mumbai,Pune,Tablet,Inbound,HP,,64,0,53,2024-04-27,117,64
TXN57639,WH_Nagpur,Pune,Mobile,Inbound,Samsung,,104,0,294,2024-07-28,398,104
TXN80120,WH_Nagpur,Nagpur,Laptop,Outbound,,Amazon,0,164,412,2024-05-20,248,-164
TXN40188,WH_Pune,Nagpur,Keyboard,Inbound,Logitech,,141,0,366,2025-01-06,507,141
TXN83935,WH_Nagpur,Nagpur,Tablet,Inbound,HP,,61,0,140,2024-06-04,201,61
TXN44150,WH_Mumbai,Bangalore,Tablet,Inbound,Logitech,,182,0,121,2024-03-13,303,182
TXN50144,WH_Nagpur,Bangalore,Laptop,Outbound,,Amazon,0,155,354,2024-04-23,199,-155
TXN13103,WH_Pune,bangalore,Monitor,Inbound,Canon,,28,0,308,2024-08-30,336,28
TXN97216,WH_Mumbai,Nagpur,Keyboard,Outbound,,TechMart_Store,0,31,126,2024-02-01,95,-31
TXN95405,WH_Pune,Mumbai,Monitor,Outbound,,Amazon,0,51,130,2024-06-20,79,-51
TXN19559,WH_Nagpur,Nagpur,Monitor,Inbound,HP,,181,0,451,2024-03-29,632,181
TXN78618,WH_Mumbai,Nagpur,Keyboard,Outbound,,Flipkart,0,16,224,2025-01-20,208,-16
TXN76797,WH_Nagpur,Pune,Monitor,Outbound,,Reliance,0,111,177,2024-10-16,66,-111
TXN47290,WH_Pune,Delhi,Laptop,Inbound,Logitech,,42,0,318,2024-03-01,360,42
TXN96254,WH_Pune,Mumbai,Laptop,Outbound,,Reliance,0,108,72,2024-08-08,-36,-108
TXN70707,WH_Pune,Mumbai,Monitor,Inbound,Dell,,127,0,409,2024-11-23,536,127
TXN25561,WH_Pune,Bangalore,Laptop,Inbound,HP,,37,0,79,2025-01-23,116,37
TXN72825,WH_Pune,Bangalore,Mouse,Inbound,Lenovo,,107,0,447,2025-01-07,554,107
TXN23272,WH_Pune,Bangalore,Tablet,Inbound,Logitech,,179,0,374,2024-02-10,553,179
TXN11459,WH_Nagpur,Bangalore,Keyboard,Outbound,,Croma,0,125,482,2024-03-03,357,-125
TXN28416,WH_Pune,mumbai,Mobile,Inbound,Lenovo,,167,0,445,2025-02-04,612,167
TXN38060,WH_Nagpur,Nagpur,Keyboard,Inbound,Logitech,,44,0,191,2024-03-21,235,44
TXN57406,WH_Pune,Pune,Tablet,Outbound,,Reliance,0,157,356,2024-10-18,199,-157
TXN66951,WH_Pune,Bangalore,Mouse,Inbound,Samsung,,26,0,437,2024-02-29,463,26
TXN94897,WH_Mumbai,nagpur,Printer,Inbound,Dell,,130,0,154,2024-09-09,284,130
TXN32127,WH_Pune,Mumbai,Monitor,Outbound,,Amazon,0,176,141,2024-01-23,-35,-176
TXN18069,WH_Nagpur,Bangalore,Keyboard,Inbound,Logitech,,91,0,167,2024-07-06,258,91
TXN97027,WH_Nagpur,Mumbai,Monitor,Inbound,Canon,,143,0,187,2024-12-22,330,143
TXN54259,WH_Nagpur,Bangalore,Printer,Inbound,HP,,22,0,332,2024-06-21,354,22
TXN10122,WH_Pune,Mumbai,Printer,Outbound,,Amazon,0,93,470,2024-02-18,377,-93
TXN70120,WH_Pune,Mumbai,Monitor,Inbound,Dell,,91,0,377,2024-09-08,468,91
TXN14666,WH_Nagpur,Nagpur,Laptop,Inbound,Samsung,,119,0,390,2024-02-12,509,119
TXN27123,WH_Mumbai,Bangalore,Keyboard,Outbound,,Amazon,0,86,243,2024-04-11,157,-86
TXN62263,WH_Mumbai,Pune,Monitor,Inbound,Dell,,32,0,297,2024-08-09,329,32
TXN31440,WH_Nagpur,Pune,Laptop,Outbound,,TechMart_Store,0,177,176,2024-03-02,-1,-177
TXN88655,WH_Pune,Bangalore,Keyboard,Inbound,Dell,,126,0,70,2024-10-28,196,126
TXN25267,WH_Nagpur,pune,Monitor,Inbound,HP,,158,0,239,2024-12-26,397,158
TXN10153,WH_Mumbai,Mumbai,Printer,Outbound,,Reliance,0,55,165,2024-10-14,110,-55
TXN67413,WH_Nagpur,Mumbai,Monitor,Outbound,,Flipkart,0,170,232,2024-11-29,62,-170
TXN78163,WH_Nagpur,mumbai,Laptop,Inbound,Logitech,,135,0,414,2024-08-07,549,135
TXN97538,WH_Pune,Bangalore,Mouse,Inbound,Samsung,,59,0,155,2024-07-29,214,59
TXN37625,WH_Mumbai,Pune,Mouse,Outbound,,Reliance,0,44,407,2024-08-12,363,-44
TXN23398,WH_Mumbai,mumbai,Mouse,Outbound,,Reliance,0,66,0,2024-11-28,-66,-66
TXN40319,WH_Pune,Pune,Mouse,Outbound,,TechMart_Store,0,132,420,2024-08-28,288,-132
TXN31910,WH_Mumbai,Bangalore,Keyboard,Inbound,Dell,,194,0,33,2024-01-31,227,194
TXN25318,WH_Pune,Nagpur,Printer,Inbound,HP,,44,0,319,2024-10-29,363,44
TXN21196,WH_Nagpur,Mumbai,Keyboard,Inbound,Lenovo,,114,0,167,2024-05-08,281,114
TXN29980,WH_Mumbai,Mumbai,Keyboard,Inbound,Lenovo,,154,0,354,2025-01-08,508,154
TXN93926,WH_Nagpur,Bangalore,Monitor,Outbound,,Flipkart,0,47,166,2024-07-18,119,-47
TXN95496,WH_Mumbai,Delhi,Tablet,Inbound,Logitech,,31,0,295,2025-01-21,326,31
TXN44929,WH_Nagpur,Bangalore,Keyboard,Inbound,Dell,,47,0,291,2024-11-04,338,47
TXN86421,WH_Mumbai,Delhi,Mouse,Inbound,Canon,,114,0,134,2024-07-22,248,114
TXN94594,WH_Pune,Delhi,Mobile,Outbound,,Reliance,0,129,434,2024-02-01,305,-129
TXN96366,WH_Mumbai,Bangalore,Mobile,Inbound,Logitech,,194,0,252,2024-06-29,446,194
TXN46474,WH_Mumbai,Bangalore,Mouse,Inbound,Samsung,,17,0,214,2025-03-02,231,17
TXN30486,WH_Mumbai,Bangalore,Tablet,Inbound,Lenovo,,168,0,267,2024-10-08,435,168
TXN27611,WH_Nagpur,delhi,Mouse,Outbound,,Reliance,0,97,317,2024-12-16,220,-97
TXN16789,WH_Mumbai,Pune,Monitor,Outbound,,Flipkart,0,101,244,2024-10-25,143,-101
TXN71250,WH_Pune,delhi,Mobile,Inbound,Logitech,,101,0,195,2025-01-02,296,101
TXN14453,WH_Mumbai,nagpur,Mobile,Inbound,Logitech,,101,0,111,2024-04-20,212,101
TXN65030,WH_Pune,Pune,Mouse,Inbound,Dell,,85,0,456,2024-03-23,541,85
TXN75362,WH_Pune,Bangalore,Mobile,Inbound,Dell,,17,0,303,2024-11-10,320,17
TXN33575,WH_Pune,Nagpur,Monitor,Outbound,,Croma,0,171,183,2024-02-20,12,-171
TXN40174,WH_Mumbai,Bangalore,Monitor,Outbound,,Croma,0,31,4,2024-07-23,-27,-31
TXN44847,WH_Nagpur,Bangalore,Tablet,Inbound,Samsung,,37,0,86,2024-04-27,123,37
TXN80294,WH_Mumbai,Delhi,Keyboard,Inbound,HP,,150,0,104,2024-12-13,254,150
TXN13876,WH_Pune,Pune,Monitor,Outbound,,Reliance,0,47,463,2024-10-31,416,-47
TXN80778,WH_Pune,Mumbai,Mobile,Inbound,Samsung,,63,0,212,2024-08-08,275,63
TXN99247,WH_Mumbai,Nagpur,Mouse,Outbound,,Reliance,0,54,166,2024-10-16,112,-54
TXN20009,WH_Nagpur,Mumbai,Keyboard,Outbound,,TechMart_Store,0,59,78,2024-07-14,19,-59
TXN85067,WH_Pune,Mumbai,Mouse,Inbound,HP,,86,0,486,2024-06-12,572,86
TXN13676,WH_Mumbai,Delhi,Mobile,Inbound,Canon,,19,0,136,2024-05-13,155,19
TXN22362,WH_Pune,Delhi,Monitor,Outbound,,Croma,0,138,189,2024-08-23,51,-138
TXN55235,WH_Nagpur,Pune,Printer,Inbound,Samsung,,131,0,475,2024-08-31,606,131
TXN38469,WH_Pune,Nagpur,Keyboard,Outbound,,Croma,0,156,395,2024-10-03,239,-156
TXN75126,WH_Mumbai,Pune,Mouse,Outbound,,Flipkart,0,19,264,2025-01-12,245,-19
TXN82912,WH_Nagpur,Bangalore,Printer,Outbound,,Flipkart,0,160,28,2024-08-07,-132,-160
TXN92094,WH_Mumbai,Mumbai,Tablet,Inbound,Lenovo,,132,0,218,2024-03-20,350,132
TXN57446,WH_Mumbai,Bangalore,Mobile,Inbound,Dell,,81,0,18,2024-11-04,99,81
TXN94068,WH_Pune,Bangalore,Mouse,Outbound,,Amazon,0,41,156,2024-12-14,115,-41
TXN58468,WH_Nagpur,Nagpur,Laptop,Outbound,,Amazon,0,108,271,2024-05-20,163,-108
TXN67736,WH_Nagpur,Bangalore,Mobile,Outbound,,Amazon,0,124,473,2024-05-30,349,-124
TXN46302,WH_Nagpur,Nagpur,Monitor,Outbound,,Croma,0,18,352,2024-08-03,334,-18
TXN67536,WH_Mumbai,Delhi,Keyboard,Outbound,,Flipkart,0,46,89,2024-05-15,43,-46
TXN93325,WH_Pune,Delhi,Monitor,Outbound,,Croma,0,152,53,2024-07-24,-99,-152
TXN68805,WH_Pune,Bangalore,Mobile,Inbound,Dell,,83,0,398,2025-01-19,481,83
TXN51875,WH_Nagpur,Pune,Keyboard,Outbound,,Reliance,0,88,388,2024-12-24,300,-88
TXN59172,WH_Mumbai,Bangalore,Mobile,Inbound,Logitech,,103,0,271,2024-04-03,374,103
TXN79461,WH_Pune,Bangalore,Tablet,Outbound,,Amazon,0,134,210,2025-01-09,76,-134
TXN39695,WH_Nagpur,nagpur,Monitor,Inbound,Canon,,24,0,425,2025-01-01,449,24
TXN23031,WH_Pune,Bangalore,Mouse,Inbound,Dell,,147,0,345,2024-12-23,492,147
TXN99789,WH_Nagpur,Delhi,Tablet,Outbound,,Flipkart,0,61,407,2024-10-30,346,-61
TXN10553,WH_Mumbai,Bangalore,Keyboard,Inbound,Canon,,47,0,303,2024-11-20,350,47
TXN47530,WH_Pune,Pune,Tablet,Inbound,HP,,189,0,418,2024-02-04,607,189
TXN60637,WH_Pune,Nagpur,Mouse,Outbound,,Amazon,0,15,133,2024-07-18,118,-15
TXN49137,WH_Pune,Nagpur,Mobile,Inbound,Logitech,,188,0,138,2024-07-09,326,188
TXN84315,WH_Mumbai,Bangalore,Keyboard,Outbound,,Reliance,0,91,472,2024-12-16,381,-91
TXN98605,WH_Pune,Pune,Mouse,Inbound,Logitech,,152,0,232,2024-08-02,384,152
TXN56119,WH_Pune,Nagpur,Tablet,Inbound,Samsung,,128,0,29,2024-08-31,157,128
TXN65284,WH_Pune,delhi,Mouse,Inbound,Logitech,,11,0,358,2024-05-15,369,11
TXN59091,WH_Mumbai,Mumbai,Laptop,Inbound,Samsung,,26,0,158,2024-03-18,184,26
TXN64322,WH_Mumbai,Delhi,Tablet,Outbound,,TechMart_Store,0,179,263,2024-06-11,84,-179
TXN90878,WH_Nagpur,Bangalore,Monitor,Inbound,Dell,,63,0,409,2025-02-01,472,63
TXN11805,WH_Nagpur,Nagpur,Monitor,Outbound,,TechMart_Store,0,22,370,2024-05-04,348,-22
TXN13996,WH_Mumbai,bangalore,Tablet,Inbound,HP,,35,0,87,2024-11-15,122,35
TXN96360,WH_Nagpur,Pune,Monitor,Inbound,Canon,,111,0,85,2024-10-04,196,111
TXN63224,WH_Nagpur,Mumbai,Keyboard,Outbound,,Reliance,0,61,364,2024-09-27,303,-61
TXN79586,WH_Mumbai,Bangalore,Mouse,Inbound,Lenovo,,17,0,361,2024-03-21,378,17
TXN84747,WH_Pune,Nagpur,Printer,Outbound,,Flipkart,0,158,117,2024-07-30,-41,-158
TXN41363,WH_Nagpur,Pune,Laptop,Outbound,,Flipkart,0,94,425,2024-12-02,331,-94
TXN62194,WH_Pune,Nagpur,Mobile,Outbound,,TechMart_Store,0,161,164,2024-08-19,3,-161
TXN72249,WH_Pune,Pune,Laptop,Outbound,,Flipkart,0,155,401,2024-12-17,246,-155
TXN77199,WH_Nagpur,Nagpur,Mouse,Outbound,,TechMart_Store,0,18,139,2024-06-11,121,-18
TXN62789,WH_Mumbai,delhi,Mouse,Outbound,,Croma,0,65,441,2024-08-27,376,-65
TXN88884,WH_Mumbai,Pune,Tablet,Outbound,,Reliance,0,52,314,2024-07-24,262,-52
TXN14700,WH_Pune,bangalore,Printer,Inbound,Canon,,184,0,50,2024-05-21,234,184
TXN26539,WH_Mumbai,Pune,Laptop,Outbound,,Amazon,0,43,274,2024-09-08,231,-43
TXN43065,WH_Nagpur,Bangalore,Keyboard,Inbound,Logitech,,189,0,115,2024-10-06,304,189
TXN30186,WH_Pune,Delhi,Mouse,Inbound,Logitech,,197,0,309,2024-05-27,506,197
TXN60677,WH_Nagpur,Bangalore,Mobile,Outbound,,Reliance,0,154,454,2024-09-17,300,-154
TXN89761,WH_Pune,Pune,Keyboard,Outbound,,Amazon,0,168,397,2024-12-04,229,-168
TXN37682,WH_Pune,Bangalore,Mouse,Outbound,,Amazon,0,48,164,2024-09-29,116,-48
TXN77469,WH_Mumbai,Nagpur,Keyboard,Inbound,Lenovo,,138,0,439,2024-02-21,577,138
TXN53703,WH_Mumbai,Nagpur,Laptop,Outbound,,Flipkart,0,115,433,2024-10-05,318,-115
TXN67846,WH_Nagpur,Mumbai,Monitor,Outbound,,Croma,0,116,349,2024-03-28,233,-116
TXN46842,WH_Mumbai,Delhi,Laptop,Outbound,,Croma,0,99,321,2024-07-17,222,-99
TXN38852,WH_Pune,Nagpur,Monitor,Outbound,,Amazon,0,73,166,2024-12-20,93,-73
TXN93783,WH_Nagpur,Delhi,Mouse,Outbound,,TechMart_Store,0,64,398,2024-03-11,334,-64
TXN73236,WH_Mumbai,Nagpur,Mobile,Outbound,,Amazon,0,135,34,2024-04-03,-101,-135
TXN82640,WH_Nagpur,Pune,Laptop,Inbound,Samsung,,69,0,322,2024-10-03,391,69
TXN29786,WH_Nagpur,Mumbai,Tablet,Inbound,HP,,99,0,167,2024-06-11,266,99
TXN51046,WH_Nagpur,Nagpur,Monitor,Outbound,,TechMart_Store,0,51,424,2024-05-15,373,-51
TXN15854,WH_Nagpur,Delhi,Mobile,Inbound,Dell,,11,0,209,2024-08-17,220,11
TXN25246,WH_Pune,Delhi,Mobile,Inbound,Lenovo,,38,0,406,2024-02-29,444,38
TXN29807,WH_Nagpur,Mumbai,Tablet,Inbound,Dell,,151,0,174,2025-01-28,325,151
TXN10773,WH_Mumbai,Mumbai,Tablet,Outbound,,Croma,0,23,182,2024-04-12,159,-23
TXN87876,WH_Nagpur,Delhi,Mobile,Inbound,Logitech,,23,0,450,2024-02-18,473,23
TXN46885,WH_Pune,Pune,Mobile,Inbound,HP,,142,0,358,2024-02-07,500,142
TXN89486,WH_Nagpur,Bangalore,Mobile,Inbound,Canon,,169,0,153,2024-09-16,322,169
TXN25853,WH_Pune,Delhi,Mobile,Inbound,Samsung,,67,0,152,2024-06-22,219,67
TXN86132,WH_Pune,Pune,Tablet,Inbound,Canon,,63,0,134,2024-03-10,197,63
TXN94164,WH_Pune,Pune,Monitor,Inbound,Lenovo,,179,0,421,2025-01-29,600,179
TXN67442,WH_Pune,Bangalore,Keyboard,Outbound,,Croma,0,110,259,2024-10-18,149,-110
TXN44843,WH_Pune,Pune,Mouse,Inbound,Samsung,,37,0,463,2024-06-07,500,37
TXN33380,WH_Mumbai,Delhi,Mouse,Inbound,Lenovo,,141,0,49,2024-09-18,190,141
TXN56726,WH_Mumbai,Nagpur,Tablet,Outbound,,Flipkart,0,171,185,2025-02-04,14,-171
TXN97268,WH_Pune,Delhi,Keyboard,Outbound,,TechMart_Store,0,48,91,2025-01-31,43,-48
TXN19726,WH_Mumbai,Mumbai,Mobile,Outbound,,Reliance,0,104,260,2024-12-14,156,-104
TXN35019,WH_Nagpur,Mumbai,Printer,Outbound,,TechMart_Store,0,179,358,2024-02-22,179,-179
TXN41438,WH_Nagpur,Delhi,Tablet,Inbound,Dell,,131,0,291,2024-02-10,422,131
TXN32826,WH_Mumbai,Delhi,Printer,Outbound,,TechMart_Store,0,33,353,2024-07-25,320,-33
TXN11818,WH_Pune,Mumbai,Laptop,Inbound,Dell,,61,0,425,2024-06-19,486,61
TXN10704,WH_Mumbai,Bangalore,Monitor,Outbound,,Reliance,0,121,305,2024-05-11,184,-121
TXN70931,WH_Mumbai,Mumbai,Monitor,Inbound,Samsung,,72,0,37,2024-11-17,109,72
TXN18518,WH_Nagpur,Mumbai,Laptop,Outbound,,TechMart_Store,0,70,223,2024-12-30,153,-70
TXN65211,WH_Nagpur,Mumbai,Mouse,Outbound,,Reliance,0,133,87,2024-05-16,-46,-133
TXN58623,WH_Mumbai,Mumbai,Monitor,Inbound,Dell,,71,0,359,2024-09-18,430,71
TXN73014,WH_Nagpur,Delhi,Printer,Inbound,Lenovo,,22,0,115,2024-03-14,137,22
TXN30383,WH_Mumbai,Nagpur,Monitor,Inbound,Canon,,165,0,6,2024-06-13,171,165
TXN98528,WH_Nagpur,Delhi,Monitor,Inbound,Dell,,198,0,352,2024-08-19,550,198
TXN20704,WH_Mumbai,Pune,Monitor,Inbound,Canon,,12,0,107,2024-10-18,119,12
TXN70793,WH_Mumbai,Nagpur,Mouse,Inbound,HP,,55,0,36,2024-09-23,91,55
TXN40542,WH_Nagpur,delhi,Mobile,Outbound,,Reliance,0,161,260,2025-01-17,99,-161
TXN95328,WH_Mumbai,Mumbai,Mobile,Outbound,,Flipkart,0,5,499,2024-10-09,494,-5
TXN46139,WH_Mumbai,Bangalore,Tablet,Outbound,,Croma,0,50,313,2024-08-06,263,-50
TXN31014,WH_Nagpur,Delhi,Keyboard,Outbound,,TechMart_Store,0,38,331,2024-12-18,293,-38
TXN86493,WH_Mumbai,Pune,Mouse,Inbound,HP,,191,0,288,2024-12-20,479,191
TXN53218,WH_Mumbai,Bangalore,Keyboard,Inbound,Logitech,,176,0,182,2024-08-25,358,176
TXN96726,WH_Nagpur,Pune,Printer,Outbound,,Reliance,0,129,466,2024-09-30,337,-129
TXN10430,WH_Mumbai,Pune,Monitor,Outbound,,Amazon,0,73,157,2024-11-01,84,-73
TXN53276,WH_Mumbai,Pune,Keyboard,Outbound,,Reliance,0,80,85,2024-06-15,5,-80
TXN47543,WH_Nagpur,Bangalore,Mobile,Inbound,HP,,151,0,263,2024-01-10,414,151
TXN51332,WH_Nagpur,Nagpur,Mouse,Inbound,Samsung,,157,0,430,2025-01-22,587,157
TXN38429,WH_Pune,Bangalore,Monitor,Inbound,Samsung,,187,0,181,2025-01-04,368,187
TXN71969,WH_Mumbai,Nagpur,Mouse,Outbound,,TechMart_Store,0,90,229,2024-01-20,139,-90
TXN86034,WH_Nagpur,Bangalore,Laptop,Outbound,,Reliance,0,65,125,2024-08-22,60,-65
TXN53998,WH_Pune,Nagpur,Mobile,Inbound,Logitech,,16,0,375,2024-12-06,391,16
TXN67809,WH_Mumbai,bangalore,Mouse,Inbound,Samsung,,46,0,334,2024-03-05,380,46
TXN37791,WH_Pune,Pune,Tablet,Outbound,,Amazon,0,123,91,2024-03-24,-32,-123
TXN14804,WH_Pune,Mumbai,Laptop,Outbound,,Croma,0,83,370,2024-06-02,287,-83
TXN57450,WH_Nagpur,Pune,Laptop,Outbound,,TechMart_Store,0,116,74,2024-02-02,-42,-116
TXN59441,WH_Mumbai,Mumbai,Keyboard,Inbound,HP,,33,0,461,2024-08-13,494,33
TXN13186,WH_Nagpur,Nagpur,Mobile,Inbound,Logitech,,66,0,77,2024-10-30,143,66
TXN76413,WH_Mumbai,Mumbai,Keyboard,Outbound,,TechMart_Store,0,7,303,2024-02-21,296,-7
TXN97260,WH_Mumbai,Bangalore,Tablet,Outbound,,Croma,0,100,68,2024-08-20,-32,-100
TXN98001,WH_Pune,Delhi,Keyboard,Inbound,Logitech,,50,0,125,2024-05-28,175,50
TXN26759,WH_Mumbai,Mumbai,Mouse,Outbound,,Reliance,0,135,155,2024-06-23,20,-135
TXN35069,WH_Nagpur,Nagpur,Monitor,Inbound,Samsung,,157,0,22,2024-04-13,179,157
TXN80223,WH_Nagpur,Delhi,Monitor,Outbound,,TechMart_Store,0,17,399,2024-08-16,382,-17
TXN11945,WH_Nagpur,Bangalore,Printer,Outbound,,TechMart_Store,0,16,397,2024-05-24,381,-16
TXN56081,WH_Mumbai,Pune,Keyboard,Outbound,,TechMart_Store,0,46,335,2024-05-19,289,-46
TXN49147,WH_Mumbai,Delhi,Mouse,Outbound,,Croma,0,62,439,2025-02-01,377,-62
TXN10188,WH_Nagpur,Nagpur,Printer,Inbound,Samsung,,55,0,327,2025-02-03,382,55
TXN81616,WH_Pune,Delhi,Printer,Outbound,,Croma,0,120,383,2024-08-10,263,-120
TXN79705,WH_Nagpur,Pune,Printer,Inbound,Logitech,,184,0,233,2024-12-25,417,184
TXN84685,WH_Nagpur,Bangalore,Printer,Outbound,,Flipkart,0,87,243,2024-12-16,156,-87
TXN97204,WH_Mumbai,Bangalore,Mouse,Inbound,Logitech,,97,0,187,2024-05-05,284,97
TXN35439,WH_Pune,Pune,Mobile,Inbound,Dell,,114,0,328,2024-12-01,442,114
TXN69962,WH_Mumbai,Delhi,Monitor,Inbound,HP,,72,0,70,2024-10-23,142,72
TXN54321,WH_Pune,Bangalore,Mobile,Inbound,Samsung,,100,0,258,2025-01-15,358,100
TXN36076,WH_Nagpur,Bangalore,Tablet,Inbound,HP,,88,0,5,2024-05-17,93,88
TXN39152,WH_Mumbai,Mumbai,Tablet,Outbound,,Amazon,0,19,189,2024-11-29,170,-19
TXN97965,WH_Pune,Bangalore,Tablet,Outbound,,Flipkart,0,5,137,2025-01-14,132,-5
TXN54331,WH_Pune,Pune,Mouse,Inbound,Lenovo,,69,0,242,2024-11-26,311,69
TXN57832,WH_Nagpur,Mumbai,Tablet,Inbound,HP,,51,0,45,2024-12-07,96,51
TXN94575,WH_Mumbai,Delhi,Monitor,Inbound,Samsung,,189,0,209,2024-05-13,398,189
TXN29970,WH_Nagpur,delhi,Monitor,Inbound,HP,,128,0,252,2025-02-02,380,128
TXN56818,WH_Nagpur,Pune,Keyboard,Outbound,,Reliance,0,90,89,2024-07-13,-1,-90
TXN82493,WH_Mumbai,Mumbai,Mouse,Outbound,,Amazon,0,9,110,2024-04-02,101,-9
TXN28209,WH_Pune,Pune,Mobile,Outbound,,Reliance,0,30,373,2024-09-22,343,-30
TXN99291,WH_Pune,Nagpur,Tablet,Inbound,Canon,,79,0,439,2025-01-09,518,79
TXN96787,WH_Nagpur,Mumbai,Printer,Inbound,Dell,,181,0,112,2024-09-24,293,181
TXN77884,WH_Mumbai,delhi,Mouse,Inbound,Dell,,117,0,307,2024-11-14,424,117
TXN56720,WH_Nagpur,Nagpur,Printer,Outbound,,Amazon,0,55,195,2024-08-28,140,-55
TXN93752,WH_Mumbai,Bangalore,Monitor,Outbound,,TechMart_Store,0,159,203,2024-01-19,44,-159
TXN18826,WH_Pune,Delhi,Tablet,Inbound,HP,,67,0,382,2024-10-17,449,67
TXN55795,WH_Mumbai,Mumbai,Keyboard,Outbound,,Amazon,0,175,47,2024-05-17,-128,-175
TXN48007,WH_Nagpur,Pune,Mobile,Inbound,Samsung,,168,0,137,2024-07-07,305,168
TXN21219,WH_Nagpur,Mumbai,Monitor,Inbound,Canon,,154,0,203,2024-08-29,357,154
TXN73285,WH_Mumbai,Bangalore,Laptop,Outbound,,Flipkart,0,81,111,2024-08-05,30,-81
TXN49081,WH_Pune,Delhi,Tablet,Outbound,,Flipkart,0,81,101,2024-12-09,20,-81
TXN77648,WH_Pune,Pune,Mouse,Inbound,Lenovo,,150,0,159,2024-01-31,309,150
TXN96747,WH_Pune,Delhi,Laptop,Inbound,Lenovo,,98,0,420,2024-02-21,518,98
TXN36663,WH_Pune,bangalore,Laptop,Outbound,,TechMart_Store,0,82,97,2025-01-04,15,-82
TXN83865,WH_Nagpur,Bangalore,Laptop,Inbound,Samsung,,85,0,88,2024-08-19,173,85
TXN86073,WH_Mumbai,Mumbai,Mobile,Inbound,HP,,70,0,282,2024-01-26,352,70
TXN50980,WH_Pune,Bangalore,Mobile,Outbound,,Flipkart,0,102,54,2024-08-06,-48,-102
TXN72856,WH_Pune,Nagpur,Laptop,Outbound,,TechMart_Store,0,112,75,2024-10-21,-37,-112
TXN64639,WH_Nagpur,Pune,Mouse,Outbound,,TechMart_Store,0,116,11,2024-07-26,-105,-116
TXN51557,WH_Nagpur,Delhi,Monitor,Inbound,Lenovo,,65,0,293,2024-05-28,358,65
TXN57053,WH_Pune,Delhi,Tablet,Outbound,,Reliance,0,56,344,2024-08-06,288,-56
TXN36134,WH_Nagpur,Mumbai,Mouse,Outbound,,TechMart_Store,0,76,112,2024-06-30,36,-76
TXN38726,WH_Mumbai,Delhi,Tablet,Inbound,Samsung,,56,0,481,2024-08-25,537,56
TXN57250,WH_Nagpur,Mumbai,Laptop,Outbound,,Flipkart,0,38,2,2024-11-15,-36,-38
TXN22141,WH_Nagpur,Bangalore,Mobile,Inbound,Logitech,,98,0,470,2024-05-18,568,98
TXN19941,WH_Mumbai,Bangalore,Monitor,Outbound,,TechMart_Store,0,76,484,2024-07-19,408,-76
TXN12048,WH_Nagpur,Delhi,Keyboard,Inbound,Lenovo,,176,0,435,2024-01-04,611,176
TXN31192,WH_Pune,Delhi,Keyboard,Outbound,,TechMart_Store,0,175,157,2025-01-11,-18,-175
TXN21437,WH_Mumbai,Delhi,Laptop,Outbound,,Reliance,0,27,226,2025-01-03,199,-27
TXN90095,WH_Mumbai,nagpur,Printer,Inbound,Dell,,186,0,57,2024-10-07,243,186
TXN27098,WH_Pune,Pune,Tablet,Outbound,,Croma,0,74,360,2024-07-09,286,-74
TXN44707,WH_Nagpur,Nagpur,Laptop,Inbound,Samsung,,51,0,182,2025-01-17,233,51
TXN19779,WH_Mumbai,Bangalore,Mouse,Inbound,Lenovo,,134,0,375,2024-03-26,509,134
TXN63391,WH_Pune,Delhi,Mouse,Inbound,Lenovo,,134,0,243,2024-11-09,377,134
TXN66449,WH_Pune,Pune,Keyboard,Outbound,,Croma,0,95,330,2025-01-03,235,-95
TXN14840,WH_Mumbai,Nagpur,Mobile,Inbound,Lenovo,,183,0,197,2024-08-29,380,183
TXN72611,WH_Nagpur,Delhi,Keyboard,Inbound,Lenovo,,106,0,105,2025-01-24,211,106
TXN55371,WH_Mumbai,Delhi,Printer,Inbound,Canon,,161,0,178,2024-05-18,339,161
TXN57046,WH_Pune,Delhi,Laptop,Outbound,,Reliance,0,98,482,2024-12-05,384,-98
TXN72486,WH_Pune,Delhi,Monitor,Outbound,,TechMart_Store,0,176,291,2024-03-29,115,-176
TXN62317,WH_Pune,Nagpur,Mouse,Inbound,Samsung,,62,0,200,2024-11-13,262,62
TXN48760,WH_Nagpur,Mumbai,Laptop,Outbound,,Flipkart,0,17,397,2024-10-23,380,-17
TXN62213,WH_Mumbai,Delhi,Tablet,Outbound,,TechMart_Store,0,19,467,2024-01-17,448,-19
TXN93747,WH_Pune,Delhi,Laptop,Inbound,Lenovo,,66,0,485,2024-12-30,551,66
TXN69782,WH_Nagpur,Mumbai,Monitor,Inbound,Lenovo,,28,0,196,2024-06-26,224,28
TXN90627,WH_Nagpur,Bangalore,Mouse,Outbound,,Croma,0,29,307,2024-05-09,278,-29
TXN87261,WH_Mumbai,Pune,Laptop,Inbound,HP,,70,0,393,2024-09-13,463,70
TXN95349,WH_Mumbai,Delhi,Mobile,Outbound,,Amazon,0,169,3,2025-01-10,-166,-169
TXN48157,WH_Nagpur,Bangalore,Mouse,Inbound,HP,,97,0,221,2025-01-05,318,97
TXN24817,WH_Nagpur,Nagpur,Laptop,Outbound,,TechMart_Store,0,116,175,2024-05-30,59,-116
TXN41651,WH_Pune,Pune,Keyboard,Inbound,Canon,,68,0,333,2024-10-28,401,68
TXN78461,WH_Nagpur,Mumbai,Printer,Outbound,,Croma,0,173,1,2024-08-23,-172,-173
TXN51899,WH_Pune,Mumbai,Mobile,Inbound,HP,,176,0,63,2024-12-03,239,176
TXN53776,WH_Nagpur,Mumbai,Mobile,Outbound,,Flipkart,0,31,339,2024-10-28,308,-31
TXN59197,WH_Nagpur,Pune,Printer,Inbound,HP,,193,0,81,2024-06-26,274,193
TXN39596,WH_Nagpur,Bangalore,Mobile,Inbound,Dell,,79,0,305,2024-08-08,384,79
TXN36434,WH_Pune,Bangalore,Mouse,Outbound,,Reliance,0,96,164,2024-09-03,68,-96
TXN86757,WH_Pune,nagpur,Tablet,Outbound,,Reliance,0,18,37,2024-10-02,19,-18
TXN36614,WH_Mumbai,Mumbai,Monitor,Inbound,Dell,,135,0,445,2024-06-28,580,135
TXN88352,WH_Pune,Mumbai,Mobile,Outbound,,Croma,0,158,334,2024-09-24,176,-158
TXN16980,WH_Pune,Pune,Mouse,Inbound,Lenovo,,196,0,443,2024-02-05,639,196
TXN68152,WH_Pune,Delhi,Printer,Outbound,,TechMart_Store,0,9,288,2024-01-20,279,-9
TXN33365,WH_Mumbai,delhi,Keyboard,Inbound,Logitech,,130,0,221,2024-12-04,351,130
TXN48852,WH_Pune,Nagpur,Keyboard,Inbound,Canon,,171,0,33,2024-05-10,204,171
TXN48677,WH_Nagpur,Mumbai,Laptop,Inbound,HP,,146,0,211,2025-01-03,357,146
TXN35036,WH_Pune,nagpur,Mouse,Inbound,Canon,,167,0,164,2024-07-29,331,167
TXN70000,WH_Nagpur,Bangalore,Monitor,Outbound,,Reliance,0,106,314,2024-05-15,208,-106
TXN12521,WH_Mumbai,Bangalore,Printer,Inbound,Samsung,,12,0,190,2024-08-25,202,12
TXN92963,WH_Mumbai,Nagpur,Mobile,Inbound,Logitech,,164,0,287,2024-02-01,451,164
TXN44171,WH_Nagpur,Delhi,Keyboard,Inbound,Samsung,,14,0,277,2024-06-10,291,14
TXN69353,WH_Nagpur,Mumbai,Tablet,Outbound,,Amazon,0,110,377,2024-10-08,267,-110
TXN57973,WH_Mumbai,Delhi,Mouse,Outbound,,TechMart_Store,0,74,381,2024-08-13,307,-74
TXN96597,WH_Mumbai,Pune,Printer,Inbound,HP,,122,0,338,2024-01-08,460,122
TXN25554,WH_Pune,Delhi,Tablet,Outbound,,TechMart_Store,0,156,365,2024-10-23,209,-156
TXN52600,WH_Pune,Delhi,Mobile,Inbound,HP,,175,0,185,2024-02-09,360,175
TXN68320,WH_Nagpur,Nagpur,Printer,Outbound,,Flipkart,0,156,257,2024-08-31,101,-156
TXN77986,WH_Mumbai,Mumbai,Mouse,Outbound,,Flipkart,0,128,295,2024-07-21,167,-128
TXN27582,WH_Pune,nagpur,Keyboard,Inbound,Logitech,,176,0,406,2024-06-05,582,176
TXN63108,WH_Mumbai,Mumbai,Mobile,Outbound,,Flipkart,0,84,209,2024-07-22,125,-84
TXN81849,WH_Pune,mumbai,Tablet,Inbound,HP,,86,0,407,2024-05-01,493,86
TXN40016,WH_Pune,Delhi,Tablet,Outbound,,Amazon,0,9,214,2024-03-10,205,-9
TXN51657,WH_Nagpur,Delhi,Keyboard,Inbound,Samsung,,76,0,398,2024-05-11,474,76
TXN65357,WH_Nagpur,Pune,Laptop,Outbound,,Reliance,0,179,481,2024-05-14,302,-179
TXN94535,WH_Nagpur,pune,Tablet,Outbound,,TechMart_Store,0,141,325,2024-07-29,184,-141
TXN59327,WH_Pune,Delhi,Monitor,Outbound,,Croma,0,161,322,2024-10-10,161,-161
TXN85407,WH_Pune,Mumbai,Printer,Inbound,Canon,,120,0,275,2024-11-02,395,120
TXN37739,WH_Mumbai,Pune,Mobile,Inbound,Samsung,,35,0,84,2024-10-02,119,35
TXN69815,WH_Mumbai,Bangalore,Monitor,Inbound,Dell,,157,0,462,2025-02-03,619,157
TXN15180,WH_Nagpur,Pune,Monitor,Outbound,,Flipkart,0,32,35,2024-06-12,3,-32
TXN56819,WH_Pune,delhi,Mouse,Inbound,HP,,161,0,445,2024-06-03,606,161
TXN30727,WH_Mumbai,Delhi,Mouse,Inbound,Canon,,92,0,370,2024-04-17,462,92
TXN48117,WH_Mumbai,Delhi,Laptop,Inbound,Logitech,,108,0,203,2024-03-10,311,108
TXN99364,WH_Pune,Bangalore,Monitor,Inbound,Logitech,,56,0,169,2024-10-27,225,56
TXN95836,WH_Nagpur,Nagpur,Keyboard,Inbound,Samsung,,102,0,296,2024-03-29,398,102
TXN98637,WH_Nagpur,Nagpur,Laptop,Inbound,Samsung,,89,0,259,2024-03-19,348,89
TXN33145,WH_Pune,Pune,Mobile,Outbound,,TechMart_Store,0,158,131,2024-04-08,-27,-158
TXN58091,WH_Nagpur,Bangalore,Monitor,Inbound,Canon,,139,0,292,2024-11-08,431,139
TXN15201,WH_Mumbai,Mumbai,Mobile,Inbound,Lenovo,,26,0,333,2024-04-27,359,26
TXN47488,WH_Pune,Pune,Printer,Inbound,Lenovo,,57,0,334,2024-09-21,391,57
TXN49100,WH_Nagpur,Pune,Keyboard,Outbound,,Amazon,0,46,448,2024-04-21,402,-46
TXN31180,WH_Pune,Nagpur,Laptop,Outbound,,Croma,0,15,443,2024-09-03,428,-15
TXN28548,WH_Pune,Bangalore,Mouse,Outbound,,Amazon,0,115,408,2024-07-01,293,-115
TXN71835,WH_Nagpur,Mumbai,Mouse,Outbound,,Croma,0,91,249,2024-05-11,158,-91
TXN48604,WH_Pune,Nagpur,Mobile,Inbound,Dell,,103,0,64,2024-05-25,167,103
TXN33403,WH_Mumbai,Mumbai,Printer,Outbound,,TechMart_Store,0,179,469,2024-05-17,290,-179
TXN51931,WH_Mumbai,Mumbai,Mouse,Outbound,,Amazon,0,23,328,2024-02-21,305,-23
TXN35341,WH_Pune,Mumbai,Laptop,Outbound,,TechMart_Store,0,24,264,2024-11-27,240,-24
TXN14406,WH_Mumbai,Pune,Mouse,Inbound,Samsung,,42,0,10,2024-09-08,52,42
TXN71515,WH_Pune,Nagpur,Mobile,Inbound,Dell,,39,0,136,2024-11-09,175,39
TXN16086,WH_Nagpur,Nagpur,Keyboard,Outbound,,Reliance,0,163,209,2024-05-28,46,-163
TXN24312,WH_Pune,Pune,Laptop,Outbound,,TechMart_Store,0,83,136,2024-07-13,53,-83
TXN51805,WH_Pune,Nagpur,Laptop,Outbound,,Croma,0,152,66,2024-08-13,-86,-152
TXN41690,WH_Nagpur,Pune,Mobile,Outbound,,Flipkart,0,161,482,2024-02-09,321,-161
TXN38109,WH_Mumbai,Mumbai,Laptop,Inbound,Samsung,,59,0,457,2025-01-06,516,59
TXN27137,WH_Nagpur,Mumbai,Tablet,Inbound,Dell,,104,0,473,2024-05-02,577,104
TXN57321,WH_Pune,Mumbai,Monitor,Outbound,,TechMart_Store,0,135,466,2024-03-12,331,-135
TXN32709,WH_Pune,Bangalore,Printer,Inbound,Samsung,,75,0,310,2024-05-09,385,75
TXN86629,WH_Mumbai,Mumbai,Keyboard,Inbound,Dell,,68,0,344,2024-09-02,412,68
TXN79741,WH_Nagpur,Mumbai,Mouse,Outbound,,Flipkart,0,121,424,2024-02-16,303,-121
TXN65826,WH_Mumbai,Delhi,Mouse,Inbound,HP,,162,0,60,2025-01-31,222,162
TXN78716,WH_Mumbai,Pune,Tablet,Inbound,Logitech,,20,0,456,2025-01-23,476,20
